number;lat;lon;lamp;name_lamp;picture;installed;bulb;watt;energy_consumption;lifespan;lumen_per_watt;lumen;energy_efficiency;height
42299-2110001-00;52.52722984;13.41602674;SIE*5NA630-1-6TZ*6NAV-E150;Siteco Mastleuchte 5NA 630;Nein;02.11.1993;NAV-T150* 4Y;150;168;32000;97;14500;-;15
42299-2110002-00;52.5274439;13.41637934;LBL*2NA150*EK;Leuchte der Firma Leuchtenbau Leipzig;Ja;01.01.1980;NAV-E150*SUPER 4Y;150;168;32000;112;17000;A+;16
42299-2110003-00;52.52758837;13.41593128;A&G*CLASSICA*1800*NAV-T100* LUME*SKL2;A&G Classica;Ja;08.11.1995;NAV-T100*SUPER 4Y;100;110;32000;-;10700;A+;9.5
42299-2110004-00;52.5277298;13.41661687;A&G*CLASSICA*1800*NAV-T100* LUME*SKL2;A&G Classica;Ja;08.11.1995;NAV-T100*SUPER 4Y;100;110;32000;-;10700;A+;9.5
42299-2110005-00;52.52787837;13.41617777;A&G*CLASSICA*1800*NAV-T100* LUME*SKL2;A&G Classica;Ja;08.11.1995;NAV-T100*SUPER 4Y;100;110;32000;-;10700;A+;9.5
42299-2110006-00;52.52795695;13.41683735;A&G*CLASSICA*1800*NAV-T100* LUME*SKL2;A&G Classica;Ja;08.11.1995;NAV-T100*SUPER 4Y;100;110;32000;-;10700;A+;9.5
42299-2110007-00;52.5280826;13.41635185;A&G*CLASSICA*1800*NAV-T100* LUME*SKL2;A&G Classica;Ja;08.11.1995;NAV-T100*SUPER 4Y;100;110;32000;-;10700;A+;9.5
42299-2110008-00;52.52814371;13.41699485;A&G*CLASSICA*1800*NAV-T100* LUME*SKL2;A&G Classica;Ja;08.11.1995;NAV-T100*SUPER 4Y;100;110;32000;-;10700;A+;9.5
42299-2110009-00;52.52827325;13.41656692;A&G*CLASSICA*1800*NAV-T100* LUME*SKL2;A&G Classica;Ja;08.11.1995;NAV-T100*SUPER 4Y;100;110;32000;-;10700;A+;9.5
42299-2110010-00;52.52832988;13.41714937;PHI*SGS453*IRIDIUM*NAV-T100/150W*SKII;Philipps Straßenleuchte SGS 453 Iridium;Ja;12.12.2007;NAV-T150*SUPER*4Y;150;168;32000;115;17500;A+;10
42299-2110011-00;52.52849203;13.41680411;SIE*5NA377-2-2TZ3*2NAV-E150* SKL2;Siteco Mastleuchte 5NA 377;Ja;23.12.2003;NAV-E150*SUPER;150;168;32000;112;17000;A+;10
42299-2110012-00;52.5286004;13.41742837;SIE*SR100*NAV-T100/150*LU*SKL2;SITECO Mastleuchte SR 100;Ja;14.10.2003;NAV-T150*SUPER*4Y;150;168;32000;115;17500;A+;10
42299-2110013-00;52.52871275;13.41701246;PHI*SGS453*IRIDIUM*NAV-T100/150W*SKII;Philipps Straßenleuchte SGS 453 Iridium;Ja;12.12.2007;NAV-T150*SUPER*4Y;150;168;32000;115;17500;A+;10
42299-2110014-00;52.52886985;13.41764301;PHI*SGS453*IRIDIUM*NAV-T100/150W*SKII;Philipps Straßenleuchte SGS 453 Iridium;Ja;12.12.2007;NAV-T150*SUPER*4Y;150;168;32000;115;17500;A+;10
42299-2110015-00;52.52900108;13.41734003;A&G*CLASSICA*1800*NAV-T100* LUME*SKL2;A&G Classica;Ja;08.11.1995;NAV-T100*SUPER 4Y;100;110;32000;-;10700;A+;9.5
42299-2110016-00;52.52909169;13.41792219;PHI*SGS453*IRIDIUM*NAV-T100/150W*SKII;Philipps Straßenleuchte SGS 453 Iridium;Ja;12.12.2007;NAV-T150*SUPER*4Y;150;168;32000;115;17500;A+;10
42299-2110017-00;52.52921545;13.41756506;PHI*SGS453*IRIDIUM*NAV-T100/150W*SKII;Philipps Straßenleuchte SGS 453 Iridium;Ja;12.12.2007;NAV-T150*SUPER*4Y;150;168;32000;115;17500;A+;10
42299-2110018-00;52.52927547;13.41814927;PHI*SGS453*IRIDIUM*NAV-T100/150W*SKII;Philipps Straßenleuchte SGS 453 Iridium;Ja;12.12.2007;NAV-T150*SUPER*4Y;150;168;32000;115;17500;A+;10
42299-2110019-00;52.529403;13.41776282;A&G*CLASSICA*1800*NAV-T100* LUME*SKL2;A&G Classica;Ja;24.07.1997;NAV-T100*SUPER 4Y;100;110;32000;-;10700;A+;10
42299-2110020-00;52.52947749;13.41836569;PHI*SGS453*IRIDIUM*NAV-T100/150W*SKII;Philipps Straßenleuchte SGS 453 Iridium;Ja;12.12.2007;NAV-T150*SUPER*4Y;150;168;32000;115;17500;A+;10
42299-2110021-00;52.5296059;13.41797304;A&G*CLASSICA*1800*NAV-T100* LUME*SKL2;A&G Classica;Ja;08.11.1995;NAV-T100*SUPER 4Y;100;110;32000;-;10700;A+;9.5
42299-2110022-00;52.52968825;13.4185546;PHI*SGS453*IRIDIUM*NAV-T100/150W*SKII;Philipps Straßenleuchte SGS 453 Iridium;Ja;12.12.2007;NAV-T150*SUPER*4Y;150;168;32000;115;17500;A+;10
42299-2110023-00;52.52987409;13.41822168;A&G*CLASSICA*1800*NAV-T100* LUME*SKL2;A&G Classica;Ja;08.11.1995;NAV-T100*SUPER 4Y;100;110;32000;-;10700;A+;9.5
42299-2110024-00;52.52995352;13.41877234;PHI*SGS453*IRIDIUM*NAV-T100/150W*SKII;Philipps Straßenleuchte SGS 453 Iridium;Ja;12.12.2007;NAV-T150*SUPER*4Y;150;168;32000;115;17500;A+;10
42299-2110025-00;52.53006083;13.41837183;A&G*CLASSICA*1800*NAV-T100* LUME*SKL2;A&G Classica;Ja;08.11.1995;NAV-T100*SUPER 4Y;100;110;32000;-;10700;A+;9.5
42299-2110026-00;52.53023669;13.41903678;PHI*SGS453*IRIDIUM*NAV-T100/150W*SKII;Philipps Straßenleuchte SGS 453 Iridium;Ja;12.12.2007;NAV-T150*SUPER*4Y;150;168;32000;115;17500;A+;10
42299-2110027-00;52.53024291;13.41852603;A&G*CLASSICA*1800*NAV-T100* LUME*SKL2;A&G Classica;Ja;08.11.1995;NAV-T100*SUPER 4Y;100;110;32000;-;10700;A+;9.5
42299-2110028-00;52.5304677;13.4192138;PHI*SGS453*IRIDIUM*NAV-T100/150W*SKII;Philipps Straßenleuchte SGS 453 Iridium;Ja;12.12.2007;NAV-T150*SUPER*4Y;150;168;32000;115;17500;A+;10
42299-2110029-00;52.53046099;13.41871015;A&G*CLASSICA*1800*NAV-T100* LUME*SKL2;A&G Classica;Ja;08.11.1995;NAV-T100*SUPER 4Y;100;110;32000;-;10700;A+;10
42299-2110030-00;52.53065179;13.41936752;PHI*SGS453*IRIDIUM*NAV-T100/150W*SKII;Philipps Straßenleuchte SGS 453 Iridium;Ja;12.12.2007;NAV-T150*SUPER*4Y;150;168;32000;115;17500;A+;10
42299-2110031-00;52.53065269;13.41884652;PHI*SGS453*IRIDIUM*NAV-T100/150W*SKII;Philipps Straßenleuchte SGS 453 Iridium;Ja;12.12.2007;NAV-T150*SUPER*4Y;150;168;32000;115;17500;A+;10
42299-2110032-00;52.53088532;13.41955788;PHI*SGS453*IRIDIUM*NAV-T100/150W*SKII;Philipps Straßenleuchte SGS 453 Iridium;Ja;12.12.2007;NAV-T150*SUPER*4Y;150;168;32000;115;17500;A+;10
42299-2110033-00;52.53077593;13.41894523;PHI*SGS453*IRIDIUM*NAV-T100/150W*SKII;Philipps Straßenleuchte SGS 453 Iridium;Ja;12.12.2007;NAV-T150*SUPER*4Y;150;168;32000;115;17500;A+;10
42299-2110034-00;52.53110864;13.41971296;PHI*SGS453*IRIDIUM*NAV-T100/150W*SKII;Philipps Straßenleuchte SGS 453 Iridium;Ja;12.12.2007;NAV-T150*SUPER*4Y;150;168;32000;115;17500;A+;10
42299-2110035-00;52.5310412;13.41910906;PHI*SGS453*IRIDIUM*NAV-T100/150W*SKII;Philipps Straßenleuchte SGS 453 Iridium;Ja;12.12.2007;NAV-T150*SUPER*4Y;150;168;32000;115;17500;A+;10
42299-2110036-00;52.53134859;13.41985538;PHI*SGS453*IRIDIUM*NAV-T100/150W*SKII;Philipps Straßenleuchte SGS 453 Iridium;Ja;12.12.2007;NAV-T150*SUPER*4Y;150;168;32000;115;17500;A+;10
42299-2110037-00;52.53127517;13.41927629;PHI*SGS453*IRIDIUM*NAV-T100/150W*SKII;Philipps Straßenleuchte SGS 453 Iridium;Ja;12.12.2007;NAV-T150*SUPER*4Y;150;168;32000;115;17500;A+;10
42299-2110038-00;52.53159161;13.4200052;PHI*SGS453*IRIDIUM*NAV-T100/150W*SKII;Philipps Straßenleuchte SGS 453 Iridium;Ja;12.12.2007;NAV-T150*SUPER*4Y;150;168;32000;115;17500;A+;10
42299-2110039-00;52.5315568;13.41948098;PHI*SGS453*IRIDIUM*NAV-T100/150W*SKII;Philipps Straßenleuchte SGS 453 Iridium;Ja;12.12.2007;NAV-T150*SUPER*4Y;150;168;32000;115;17500;A+;10
42299-2110040-00;52.53178135;13.42011982;PHI*SGS453*IRIDIUM*NAV-T100/150W*SKII;Philipps Straßenleuchte SGS 453 Iridium;Ja;12.12.2007;NAV-T150*SUPER*4Y;150;168;32000;115;17500;A+;10
42299-2110041-00;52.53172546;13.41957597;PHI*SGS453*IRIDIUM*NAV-T100/150W*SKII;Philipps Straßenleuchte SGS 453 Iridium;Ja;12.12.2007;NAV-T150*SUPER*4Y;150;168;32000;115;17500;A+;10
42299-2110042-00;52.53197799;13.42023341;PHI*SGS453*IRIDIUM*NAV-T100/150W*SKII;Philipps Straßenleuchte SGS 453 Iridium;Ja;12.12.2007;NAV-T150*SUPER*4Y;150;168;32000;115;17500;A+;10
42299-2110043-00;52.53195488;13.41974145;PHI*SGS453*IRIDIUM*NAV-T100/150W*SKII;Philipps Straßenleuchte SGS 453 Iridium;Ja;12.12.2007;NAV-T150*SUPER*4Y;150;168;32000;115;17500;A+;10
42299-2110044-00;52.53222879;13.42038545;PHI*SGS453*IRIDIUM*NAV-T100/150W*SKII;Philipps Straßenleuchte SGS 453 Iridium;Ja;12.12.2007;NAV-T150*SUPER*4Y;150;168;32000;115;17500;A+;10
42299-2110045-00;52.53228092;13.41988281;PHI*SGS453*IRIDIUM*NAV-T100/150W*SKII;Philipps Straßenleuchte SGS 453 Iridium;Ja;12.12.2007;NAV-T150*SUPER*4Y;150;168;32000;115;17500;A+;10
42299-2110046-00;52.53244473;13.42051359;PHI*SGS453*IRIDIUM*NAV-T100/150W*SKII;Philipps Straßenleuchte SGS 453 Iridium;Ja;12.12.2007;NAV-T150*SUPER*4Y;150;168;32000;115;17500;A+;10
42299-2110047-00;52.53247436;13.42001084;PHI*SGS453*IRIDIUM*NAV-T100/150W*SKII;Philipps Straßenleuchte SGS 453 Iridium;Ja;12.12.2007;NAV-T150*SUPER*4Y;150;168;32000;115;17500;A+;10
42299-2110048-00;52.53269734;13.42064614;PHI*SGS453*IRIDIUM*NAV-T100/150W*SKII;Philipps Straßenleuchte SGS 453 Iridium;Ja;12.12.2007;NAV-T150*SUPER*4Y;150;168;32000;115;17500;A+;10
42299-2110049-00;52.53270836;13.4201293;PHI*SGS453*IRIDIUM*NAV-T100/150W*SKII;Philipps Straßenleuchte SGS 453 Iridium;Ja;12.12.2007;NAV-T150*SUPER*4Y;150;168;32000;115;17500;A+;10
42299-2110050-00;52.53287498;13.42073373;PHI*SGS453*IRIDIUM*NAV-T100/150W*SKII;Philipps Straßenleuchte SGS 453 Iridium;Ja;12.12.2007;NAV-T150*SUPER*4Y;150;168;32000;115;17500;A+;10
42299-2110051-00;52.53288731;13.42023528;PHI*SGS453*IRIDIUM*NAV-T100/150W*SKII;Philipps Straßenleuchte SGS 453 Iridium;Ja;12.12.2007;NAV-T150*SUPER*4Y;150;168;32000;115;17500;A+;10
42299-2110052-00;52.53302337;13.42079934;PHI*SGS453*IRIDIUM*NAV-T100/150W*SKII;Philipps Straßenleuchte SGS 453 Iridium;Ja;12.12.2007;NAV-T150*SUPER*4Y;150;168;32000;115;17500;A+;10
42299-2110053-00;52.53311509;13.42036926;PHI*SGS453*IRIDIUM*NAV-T100/150W*SKII;Philipps Straßenleuchte SGS 453 Iridium;Ja;12.12.2007;NAV-T150*SUPER*4Y;150;168;32000;115;17500;A+;10
42299-2110054-00;52.53325386;13.42096863;PHI*SGS453*IRIDIUM*NAV-T100/150W*SKII;Philipps Straßenleuchte SGS 453 Iridium;Ja;12.12.2007;NAV-T150*SUPER*4Y;150;168;32000;115;17500;A+;10
42299-2110055-00;52.53333541;13.42050378;PHI*SGS453*IRIDIUM*NAV-T100/150W*SKII;Philipps Straßenleuchte SGS 453 Iridium;Ja;12.12.2007;NAV-T150*SUPER*4Y;150;168;32000;115;17500;A+;10
42299-2110056-00;52.5335061;13.42112388;PHI*SGS453*IRIDIUM*NAV-T100/150W*SKII;Philipps Straßenleuchte SGS 453 Iridium;Ja;12.12.2007;NAV-T150*SUPER*4Y;150;168;32000;115;17500;A+;10
42299-2110057-00;52.53358755;13.42064296;PHI*SGS453*IRIDIUM*NAV-T100/150W*SKII;Philipps Straßenleuchte SGS 453 Iridium;Ja;12.12.2007;NAV-T150*SUPER*4Y;150;168;32000;115;17500;A+;10
42299-2110058-00;52.53366211;13.42119792;PHI*SGS453*IRIDIUM*NAV-T100/150W*SKII;Philipps Straßenleuchte SGS 453 Iridium;Ja;12.12.2007;NAV-T150*SUPER*4Y;150;168;32000;115;17500;A+;10
42299-2110059-00;52.53381669;13.42078223;PHI*SGS453*IRIDIUM*NAV-T100/150W*SKII;Philipps Straßenleuchte SGS 453 Iridium;Ja;12.12.2007;NAV-T150*SUPER*4Y;150;168;32000;115;17500;A+;10
42299-2110060-00;52.53393877;13.42138084;PHI*SGS453*IRIDIUM*NAV-T100/150W*SKII;Philipps Straßenleuchte SGS 453 Iridium;Ja;12.12.2007;NAV-T150*SUPER*4Y;150;168;32000;115;17500;A+;10
42299-2110061-00;52.53404412;13.42093187;PHI*SGS453*IRIDIUM*NAV-T100/150W*SKII;Philipps Straßenleuchte SGS 453 Iridium;Ja;12.12.2007;NAV-T150*SUPER*4Y;150;168;32000;115;17500;A+;10
42299-2110062-00;52.53417476;13.42154682;PHI*SGS453*IRIDIUM*NAV-T100/150W*SKII;Philipps Straßenleuchte SGS 453 Iridium;Ja;12.12.2007;NAV-T150*SUPER*4Y;150;168;32000;115;17500;A+;10
42299-2110063-00;52.53430052;13.42109277;PHI*SGS453*IRIDIUM*NAV-T100/150W*SKII;Philipps Straßenleuchte SGS 453 Iridium;Ja;12.12.2007;NAV-T150*SUPER*4Y;150;168;32000;115;17500;A+;10
42299-2110064-00;52.53444761;13.42169891;PHI*SGS453*IRIDIUM*NAV-T100/150W*SKII;Philipps Straßenleuchte SGS 453 Iridium;Ja;12.12.2007;NAV-T150*SUPER*4Y;150;168;32000;115;17500;A+;10
42299-2110065-00;52.53453658;13.42121736;PHI*SGS453*IRIDIUM*NAV-T100/150W*SKII;Philipps Straßenleuchte SGS 453 Iridium;Ja;12.12.2007;NAV-T150*SUPER*4Y;150;168;32000;115;17500;A+;10
42299-2110066-00;52.53466559;13.42183424;PHI*SGS453*IRIDIUM*NAV-T100/150W*SKII;Philipps Straßenleuchte SGS 453 Iridium;Ja;12.12.2007;NAV-T150*SUPER*4Y;150;168;32000;115;17500;A+;10
42299-2110067-00;52.53472474;13.42132085;PHI*SGS453*IRIDIUM*NAV-T100/150W*SKII;Philipps Straßenleuchte SGS 453 Iridium;Ja;12.12.2007;NAV-T150*SUPER*4Y;150;168;32000;115;17500;A+;10
42299-2110068-00;52.53491035;13.42197683;PHI*SGS453*IRIDIUM*NAV-T100/150W*SKII;Philipps Straßenleuchte SGS 453 Iridium;Ja;12.12.2007;NAV-T150*SUPER*4Y;150;168;32000;115;17500;A+;10
42299-2110069-00;52.53493916;13.42143611;PHI*SGS453*IRIDIUM*NAV-T100/150W*SKII;Philipps Straßenleuchte SGS 453 Iridium;Ja;12.12.2007;NAV-T150*SUPER*4Y;150;168;32000;115;17500;A+;10
42299-2110070-00;52.53515683;13.42213016;PHI*SGS453*IRIDIUM*NAV-T100/150W*SKII;Philipps Straßenleuchte SGS 453 Iridium;Ja;12.12.2007;NAV-T150*SUPER*4Y;150;168;32000;115;17500;A+;10
42299-2110071-00;52.53521341;13.42161527;PHI*SGS453*IRIDIUM*NAV-T100/150W*SKII;Philipps Straßenleuchte SGS 453 Iridium;Ja;12.12.2007;NAV-T150*SUPER*4Y;150;168;32000;115;17500;A+;10
42299-2110072-00;52.53541403;13.42222501;PHI*SGS453*IRIDIUM*NAV-T100/150W*SKII;Philipps Straßenleuchte SGS 453 Iridium;Ja;12.12.2007;NAV-T150*SUPER*4Y;150;168;32000;115;17500;A+;10
42299-2110073-00;52.53550164;13.42185398;PHI*SGS453*IRIDIUM*NAV-T100/150W*SKII;Philipps Straßenleuchte SGS 453 Iridium;Ja;12.12.2007;NAV-T150*SUPER*4Y;150;168;32000;115;17500;A+;10
42299-2110074-00;52.53564194;13.42234492;PHI*SGS453*IRIDIUM*NAV-T100/150W*SKII;Philipps Straßenleuchte SGS 453 Iridium;Ja;12.12.2007;NAV-T150*SUPER*4Y;150;168;32000;115;17500;A+;10
42299-2110075-00;52.53579205;13.4219428;PHI*SGS453*IRIDIUM*NAV-T100/150W*SKII;Philipps Straßenleuchte SGS 453 Iridium;Ja;12.12.2007;NAV-T150*SUPER*4Y;150;168;32000;115;17500;A+;10
42299-2110076-00;52.53590434;13.42253959;PHI*SGS453*IRIDIUM*NAV-T100/150W*SKII;Philipps Straßenleuchte SGS 453 Iridium;Ja;12.12.2007;NAV-T150*SUPER*4Y;150;168;32000;115;17500;A+;10
42299-2110077-00;52.53608094;13.42211266;PHI*SGS453*IRIDIUM*NAV-T100/150W*SKII;Philipps Straßenleuchte SGS 453 Iridium;Ja;12.12.2007;NAV-T150*SUPER*4Y;150;168;32000;115;17500;A+;10
42299-2110078-00;52.53608402;13.42266571;SIE*SL100*NAV-T150 *SKL2;Siteco Mastleuchte SL 100;Nein;24.09.2004;NAV-T150* 4Y;150;168;32000;97;14500;A+;10
42299-2110079-00;52.53630197;13.42221082;PHI*SGS453*IRIDIUM*NAV-T100/150W*SKII;Philipps Straßenleuchte SGS 453 Iridium;Ja;12.12.2007;NAV-T150*SUPER*4Y;150;168;32000;115;17500;A+;10
42299-2110080-00;52.53630912;13.42279672;PHI*SGS453*IRIDIUM*NAV-T100/150W*SKII;Philipps Straßenleuchte SGS 453 Iridium;Ja;12.12.2007;NAV-T150*SUPER*4Y;150;168;32000;115;17500;A+;10
42299-2110081-00;52.53657993;13.42240571;PHI*SGS453*IRIDIUM*NAV-T100/150W*SKII;Philipps Straßenleuchte SGS 453 Iridium;Ja;12.12.2007;NAV-T150*SUPER*4Y;150;168;32000;115;17500;A+;10
42299-2110082-00;52.5365613;13.42293831;PHI*SGS453*IRIDIUM*NAV-T100/150W*SKII;Philipps Straßenleuchte SGS 453 Iridium;Ja;12.12.2007;NAV-T150*SUPER*4Y;150;168;32000;115;17500;A+;10
42299-2110083-00;52.53686709;13.42257508;PHI*SGS453*IRIDIUM*NAV-T100/150W*SKII;Philipps Straßenleuchte SGS 453 Iridium;Ja;12.12.2007;NAV-T150*SUPER*4Y;150;168;32000;115;17500;A+;10
42299-2110084-00;52.53679044;13.42306971;PHI*SGS453*IRIDIUM*NAV-T100/150W*SKII;Philipps Straßenleuchte SGS 453 Iridium;Ja;12.12.2007;NAV-T150*SUPER*4Y;150;168;32000;115;17500;A+;10
42299-2110085-00;52.53711347;13.42273335;PHI*SGS453*IRIDIUM*NAV-T100/150W*SKII;Philipps Straßenleuchte SGS 453 Iridium;Ja;12.12.2007;NAV-T150*SUPER*4Y;150;168;32000;115;17500;A+;10
42299-2110086-00;52.53702208;13.42320864;PHI*SGS453*IRIDIUM*NAV-T100/150W*SKII;Philipps Straßenleuchte SGS 453 Iridium;Ja;12.12.2007;NAV-T150*SUPER*4Y;150;168;32000;115;17500;A+;10
42299-2110087-00;52.53732114;13.42285533;PHI*SGS453*IRIDIUM*NAV-T100/150W*SKII;Philipps Straßenleuchte SGS 453 Iridium;Ja;12.12.2007;NAV-T150*SUPER*4Y;150;168;32000;115;17500;A+;10
42299-2110088-00;52.5372335;13.42334399;PHI*SGS453*IRIDIUM*NAV-T100/150W*SKII;Philipps Straßenleuchte SGS 453 Iridium;Ja;12.12.2007;NAV-T150*SUPER*4Y;150;168;32000;115;17500;A+;10
42299-2110089-00;52.53752322;13.42297151;PHI*SGS453*IRIDIUM*NAV-T100/150W*SKII;Philipps Straßenleuchte SGS 453 Iridium;Ja;12.12.2007;NAV-T150*SUPER*4Y;150;168;32000;115;17500;A+;10
42299-2110090-00;52.53746065;13.42348295;PHI*SGS453*IRIDIUM*NAV-T100/150W*SKII;Philipps Straßenleuchte SGS 453 Iridium;Ja;12.12.2007;NAV-T150*SUPER*4Y;150;168;32000;115;17500;A+;10
42299-2110091-00;52.53779092;13.42313918;PHI*SGS453*IRIDIUM*NAV-T100/150W*SKII;Philipps Straßenleuchte SGS 453 Iridium;Ja;12.12.2007;NAV-T150*SUPER*4Y;150;168;32000;115;17500;A+;10
42299-2110092-00;52.53769227;13.42361322;PHI*SGS453*IRIDIUM*NAV-T100/150W*SKII;Philipps Straßenleuchte SGS 453 Iridium;Ja;12.12.2007;NAV-T150*SUPER*4Y;150;168;32000;115;17500;A+;10
42299-2110093-00;52.53802331;13.42327054;PHI*SGS453*IRIDIUM*NAV-T100/150W*SKII;Philipps Straßenleuchte SGS 453 Iridium;Ja;12.12.2007;NAV-T150*SUPER*4Y;150;168;32000;115;17500;A+;10
42299-2110094-00;52.53796076;13.42377057;PHI*SGS453*IRIDIUM*NAV-T100/150W*SKII;Philipps Straßenleuchte SGS 453 Iridium;Ja;12.12.2007;NAV-T150*SUPER*4Y;150;168;32000;115;17500;A+;10
42299-2110095-00;52.53826108;13.42341273;PHI*SGS453*IRIDIUM*NAV-T100/150W*SKII;Philipps Straßenleuchte SGS 453 Iridium;Ja;12.12.2007;NAV-T150*SUPER*4Y;150;168;32000;115;17500;A+;10
42299-2110096-00;52.53826053;13.42394403;PHI*SGS453*IRIDIUM*NAV-T100/150W*SKII;Philipps Straßenleuchte SGS 453 Iridium;Ja;12.12.2007;NAV-T150*SUPER*4Y;150;168;32000;115;17500;A+;10
42299-2110097-00;52.53849256;13.42357497;PHI*SGS453*IRIDIUM*NAV-T100/150W*SKII;Philipps Straßenleuchte SGS 453 Iridium;Ja;12.12.2007;NAV-T150*SUPER*4Y;150;168;32000;115;17500;A+;10
42299-2110098-00;52.53847504;13.42406218;PHI*SGS453*IRIDIUM*NAV-T100/150W*SKII;Philipps Straßenleuchte SGS 453 Iridium;Ja;12.12.2007;NAV-T150*SUPER*4Y;150;168;32000;115;17500;A+;10
42299-2110099-00;52.53885697;13.42384226;PHI*SGS453*IRIDIUM*NAV-T100/150W*SKII;Philipps Straßenleuchte SGS 453 Iridium;Ja;12.12.2007;NAV-T150*SUPER*4Y;150;168;32000;115;17500;A+;10
42299-2110100-00;52.53870937;13.42420247;PHI*SGS453*IRIDIUM*NAV-T100/150W*SKII;Philipps Straßenleuchte SGS 453 Iridium;Ja;12.12.2007;NAV-T150*SUPER*4Y;150;168;32000;115;17500;A+;10
42299-2110101-00;52.53905693;13.42384502;SIL*458-5-025-43*NAV-TS250* MIT VG;Planflächenstrahler 458;Ja;23.12.1993;NAV-TS250;250;275;24000;112;28000;A+;16
42299-2110102-00;52.53889609;13.42438003;SIL*458-5-025-43*NAV-TS250* MIT VG;Planflächenstrahler 458;Ja;23.12.1993;NAV-TS250;250;275;24000;112;28000;A+;16
42299-2110103-00;52.53947524;13.42409732;SIL*458-5-025-43*NAV-TS250* MIT VG;Planflächenstrahler 458;Ja;23.12.1993;NAV-TS250;250;275;24000;112;28000;A+;16
42299-2110104-00;52.53936824;13.42458788;SIL*458-5-025-43*NAV-TS250* MIT VG;Planflächenstrahler 458;Ja;23.12.1993;NAV-TS250;250;275;24000;112;28000;A+;16
42299-2110105-00;52.5396655;13.4242203;PHI*SGS453*IRIDIUM*NAV-T100/150W*SKII;Philipps Straßenleuchte SGS 453 Iridium;Ja;12.12.2007;NAV-T150*SUPER*4Y;150;168;32000;115;17500;A+;10
42299-2110106-00;52.53963215;13.42467651;PHI*SGS453*IRIDIUM*NAV-T100/150W*SKII;Philipps Straßenleuchte SGS 453 Iridium;Ja;12.12.2007;NAV-T150*SUPER*4Y;150;168;32000;115;17500;A+;10
42299-2110107-00;52.53994754;13.4243936;PHI*SGS453*IRIDIUM*NAV-T100/150W*SKII;Philipps Straßenleuchte SGS 453 Iridium;Ja;12.12.2007;NAV-T150*SUPER*4Y;150;168;32000;115;17500;A+;10
42299-2110108-00;52.53983525;13.42487201;PHI*SGS453*IRIDIUM*NAV-T100/150W*SKII;Philipps Straßenleuchte SGS 453 Iridium;Ja;12.12.2007;NAV-T150*SUPER*4Y;150;168;32000;115;17500;A+;10
42299-2110109-00;52.54021892;13.42456187;PHI*SGS453*IRIDIUM*NAV-T100/150W*SKII;Philipps Straßenleuchte SGS 453 Iridium;Ja;12.12.2007;NAV-T150*SUPER*4Y;150;168;32000;115;17500;A+;10
42299-2110110-00;52.54004234;13.42496698;PHI*SGS453*IRIDIUM*NAV-T100/150W*SKII;Philipps Straßenleuchte SGS 453 Iridium;Ja;12.12.2007;NAV-T150*SUPER*4Y;150;168;32000;115;17500;A+;10
42299-2110111-00;52.54042431;13.42467513;PHI*SGS453*IRIDIUM*NAV-T100/150W*SKII;Philipps Straßenleuchte SGS 453 Iridium;Ja;12.12.2007;NAV-T150*SUPER*4Y;150;168;32000;115;17500;A+;10
42299-2110112-00;52.54027173;13.42513061;PHI*SGS453*IRIDIUM*NAV-T100/150W*SKII;Philipps Straßenleuchte SGS 453 Iridium;Ja;12.12.2007;NAV-T150*SUPER*4Y;150;168;32000;115;17500;A+;10
42299-2110113-00;52.54064252;13.42483994;PHI*SGS453*IRIDIUM*NAV-T100/150W*SKII;Philipps Straßenleuchte SGS 453 Iridium;Ja;12.12.2007;NAV-T150*SUPER*4Y;150;168;32000;115;17500;A+;10
42299-2110114-00;52.54052523;13.42528539;PHI*SGS453*IRIDIUM*NAV-T100/150W*SKII;Philipps Straßenleuchte SGS 453 Iridium;Ja;12.12.2007;NAV-T150*SUPER*4Y;150;168;32000;115;17500;A+;10
42299-2110115-00;52.54086452;13.42495583;PHI*SGS453*IRIDIUM*NAV-T100/150W*SKII;Philipps Straßenleuchte SGS 453 Iridium;Ja;12.12.2007;NAV-T150*SUPER*4Y;150;168;32000;115;17500;A+;10
42299-2110116-00;52.54082713;13.42538712;PHI*SGS453*IRIDIUM*NAV-T100/150W*SKII;Philipps Straßenleuchte SGS 453 Iridium;Ja;12.12.2007;NAV-T150*SUPER*4Y;150;168;32000;115;17500;A+;10
42299-2110117-00;52.54111455;13.42511782;PHI*SGS453*IRIDIUM*NAV-T100/150W*SKII;Philipps Straßenleuchte SGS 453 Iridium;Ja;12.12.2007;NAV-T150*SUPER*4Y;150;168;32000;115;17500;A+;10
42299-2110118-00;52.54107754;13.42552281;PHI*SGS453*IRIDIUM*NAV-T100/150W*SKII;Philipps Straßenleuchte SGS 453 Iridium;Ja;31.12.2008;NAV-T150*SUPER*4Y;150;168;32000;115;17500;A+;10
42299-2110119-00;52.54136889;13.42525298;PHI*SGS453*IRIDIUM*NAV-T100/150W*SKII;Philipps Straßenleuchte SGS 453 Iridium;Ja;12.12.2007;NAV-T150*SUPER*4Y;150;168;32000;115;17500;A+;10
42299-2110120-00;52.54133494;13.42567861;PHI*SGS453*IRIDIUM*NAV-T100/150W*SKII;Philipps Straßenleuchte SGS 453 Iridium;Ja;12.12.2007;NAV-T150*SUPER*4Y;150;168;32000;115;17500;A+;10
42299-2110121-00;52.54157357;13.42539207;PHI*SGS453*IRIDIUM*NAV-T100/150W*SKII;Philipps Straßenleuchte SGS 453 Iridium;Ja;12.12.2007;NAV-T150*SUPER*4Y;150;168;32000;115;17500;A+;10
42299-2110122-00;52.54158656;13.42582704;PHI*SGS453*IRIDIUM*NAV-T100/150W*SKII;Philipps Straßenleuchte SGS 453 Iridium;Ja;12.12.2007;NAV-T150*SUPER*4Y;150;168;32000;115;17500;A+;10
42299-2110123-00;52.54184003;13.4255439;PHI*SGS453*IRIDIUM*NAV-T100/150W*SKII;Philipps Straßenleuchte SGS 453 Iridium;Ja;12.12.2007;NAV-T150*SUPER*4Y;150;168;32000;115;17500;A+;10
42299-2110124-00;52.54185952;13.42598457;PHI*SGS453*IRIDIUM*NAV-T100/150W*SKII;Philipps Straßenleuchte SGS 453 Iridium;Ja;12.12.2007;NAV-T150*SUPER*4Y;150;168;32000;115;17500;A+;10
42299-2110125-00;52.54211814;13.42570843;PHI*SGS453*IRIDIUM*NAV-T100/150W*SKII;Philipps Straßenleuchte SGS 453 Iridium;Ja;12.12.2007;NAV-T150*SUPER*4Y;150;168;32000;115;17500;A+;10
42299-2110126-00;52.54211588;13.42613593;PHI*SGS453*IRIDIUM*NAV-T100/150W*SKII;Philipps Straßenleuchte SGS 453 Iridium;Ja;12.12.2007;NAV-T150*SUPER*4Y;150;168;32000;115;17500;A+;10
42299-2110127-00;52.54235603;13.4258498;PHI*SGS453*IRIDIUM*NAV-T100/150W*SKII;Philipps Straßenleuchte SGS 453 Iridium;Ja;12.12.2007;NAV-T150*SUPER*4Y;150;168;32000;115;17500;A+;10
42299-2110128-00;52.54237137;13.42629093;PHI*SGS453*IRIDIUM*NAV-T100/150W*SKII;Philipps Straßenleuchte SGS 453 Iridium;Ja;12.12.2007;NAV-T150*SUPER*4Y;150;168;32000;115;17500;A+;10
42299-2110129-00;52.54262697;13.4260033;PHI*SGS453*IRIDIUM*NAV-T100/150W*SKII;Philipps Straßenleuchte SGS 453 Iridium;Ja;12.12.2007;NAV-T150*SUPER*4Y;150;168;32000;115;17500;A+;10
42299-2110130-00;52.54264609;13.42644829;PHI*SGS453*IRIDIUM*NAV-T100/150W*SKII;Philipps Straßenleuchte SGS 453 Iridium;Ja;14.12.2010;NAV-T150*SUPER*4Y;150;168;32000;115;17500;A+;10
42299-2110131-00;52.54289395;13.42615907;PHI*SGS453*IRIDIUM*NAV-T100/150W*SKII;Philipps Straßenleuchte SGS 453 Iridium;Ja;12.12.2007;NAV-T150*SUPER*4Y;150;168;32000;115;17500;A+;10
42299-2110132-00;52.54297393;13.42667895;PHI*SGS453*IRIDIUM*NAV-T100/150W*SKII;Philipps Straßenleuchte SGS 453 Iridium;Ja;12.12.2007;NAV-T150*SUPER*4Y;150;168;32000;115;17500;A+;10
42299-2110133-00;52.54315127;13.4263134;PHI*SGS453*IRIDIUM*NAV-T100/150W*SKII;Philipps Straßenleuchte SGS 453 Iridium;Ja;12.12.2007;NAV-T150*SUPER*4Y;150;168;32000;115;17500;A+;10
42299-2110134-00;52.54316489;13.42674933;SIE*SR100*NAV-T100/150*LU*SKL2;SITECO Mastleuchte SR 100;Ja;07.07.2005;NAV-T150*SUPER*4Y;150;168;32000;115;17500;A+;10
42299-2110135-00;52.54341838;13.42646935;PHI*SGS453*IRIDIUM*NAV-T100/150W*SKII;Philipps Straßenleuchte SGS 453 Iridium;Ja;12.12.2007;NAV-T150*SUPER*4Y;150;168;32000;115;17500;A+;10
42299-2110136-00;52.543417;13.42689722;PHI*SGS453*IRIDIUM*NAV-T100/150W*SKII;Philipps Straßenleuchte SGS 453 Iridium;Ja;12.12.2007;NAV-T150*SUPER*4Y;150;168;32000;115;17500;A+;10
42299-2110137-00;52.54368619;13.42663216;PHI*SGS453*IRIDIUM*NAV-T100/150W*SKII;Philipps Straßenleuchte SGS 453 Iridium;Ja;12.12.2007;NAV-T150*SUPER*4Y;150;168;32000;115;17500;A+;10
42299-2110138-00;52.54365114;13.42703441;PHI*SGS453*IRIDIUM*NAV-T100/150W*SKII;Philipps Straßenleuchte SGS 453 Iridium;Ja;12.12.2007;NAV-T150*SUPER*4Y;150;168;32000;115;17500;A+;10
42299-2110139-00;52.54407204;13.4268362;SIL*455-5-015-42*NAV-T150*MVG;PLANSTRAHLER® 400;Ja;06.04.1999;NAV-T150*SUPER*4Y;150;168;32000;115;17500;A+;10
42299-2110139-01;52.54422045;13.42691659;PHI*SGS203T*IC-2* NAV-T50/70*SK2*;Philipps Straßenleuchte SGS 203;Ja;07.04.1999;NAV-T50*SUPER 4Y;50;58;28000;81;4200;A;3.5
42299-2110139-02;52.54433958;13.4269529;PHI*SGS203T*IC-2* NAV-T50/70*SK2*;Philipps Straßenleuchte SGS 203;Ja;07.04.1999;NAV-T50*SUPER 4Y;50;58;28000;81;4200;A;3.5
42299-2110139-03;52.54445878;13.42702606;PHI*SGS203T*IC-2* NAV-T50/70*SK2*;Philipps Straßenleuchte SGS 203;Ja;07.04.1999;NAV-T50*SUPER 4Y;50;58;28000;81;4200;A;3.5
42299-2110140-00;52.54398055;13.4272088;SIL*455-5-015-42*NAV-T150*MVG;PLANSTRAHLER® 400;Ja;06.04.1999;NAV-T150*SUPER*4Y;150;168;32000;115;17500;A+;10
42299-2110140-01;52.54400318;13.42730083;PHI*SGS203T*IC-2* NAV-T50/70*SK2*;Philipps Straßenleuchte SGS 203;Ja;07.04.1999;NAV-T50*SUPER 4Y;50;58;28000;81;4200;A;3.5
42299-2110140-02;52.54412688;13.42738502;PHI*SGS203T*IC-2* NAV-T50/70*SK2*;Philipps Straßenleuchte SGS 203;Ja;07.04.1999;NAV-T50*SUPER 4Y;50;58;28000;81;4200;A;3.5
42299-2110140-03;52.54431355;13.42750209;PHI*SGS203T*IC-2* NAV-T50/70*SK2*;Philipps Straßenleuchte SGS 203;Ja;07.04.1999;NAV-T50*SUPER 4Y;50;58;28000;81;4200;A;3.5
42299-2110142-00;52.54446013;13.42747344;SIL*455-5-015-42*NAV-T150*MVG;PLANSTRAHLER® 400;Ja;30.09.2011;NAV-T150*SUPER*4Y;150;168;32000;115;17500;A+;10
42299-2110143-00;52.5445667;13.42707716;SIL*455-5-015-42*NAV-T150*MVG;PLANSTRAHLER® 400;Ja;06.04.1999;NAV-T150*SUPER*4Y;150;168;32000;115;17500;A+;10
42299-2110144-00;52.54465775;13.42764909;SIE*SR100*NAV-T100/150W*LU*SKL2;SITECO Mastleuchte SR 100;Ja;02.10.2003;NAV-T250*SUPER 4Y;250;281;32000;130;33200;A+;10
42299-2110145-00;52.54472417;13.42719437;SIE*SR100*NAV-T100/150W*LU*SKL2;SITECO Mastleuchte SR 100;Ja;02.10.2003;NAV-T250*SUPER 4Y;250;281;32000;130;33200;A+;10
42299-2110146-00;52.54493295;13.4277624;SIE*SR100*NAV-T100/150W*LU*SKL2;SITECO Mastleuchte SR 100;Ja;02.10.2003;NAV-T250*SUPER 4Y;250;281;32000;130;33200;A+;10
42299-2110147-00;52.54499385;13.42724473;SIE*SR100*NAV-T100/150W*LU*SKL2;SITECO Mastleuchte SR 100;Ja;02.10.2003;NAV-T250*SUPER 4Y;250;281;32000;130;33200;A+;10
42299-2110148-00;52.54515402;13.42783065;SIE*SR100*NAV-T100/150W*LU*SKL2;SITECO Mastleuchte SR 100;Ja;02.10.2003;NAV-T250*SUPER 4Y;250;281;32000;130;33200;A+;10
42299-2110149-00;52.54518102;13.42731843;SIE*SR100*NAV-T100/150W*LU*SKL2;SITECO Mastleuchte SR 100;Ja;02.10.2003;NAV-T250*SUPER 4Y;250;281;32000;130;33200;A+;10
42299-2110150-00;52.54539765;13.42791684;SIE*SR100*NAV-T100/150W*LU*SKL2;SITECO Mastleuchte SR 100;Ja;02.10.2003;NAV-T250*SUPER 4Y;250;281;32000;130;33200;A+;10
42299-2110151-00;52.54541479;13.42738739;SIE*SR100*NAV-T100/150W*LU*SKL2;SITECO Mastleuchte SR 100;Ja;02.10.2003;NAV-T250*SUPER 4Y;250;281;32000;130;33200;A+;10
42299-2110152-00;52.54558301;13.42797737;SIL*455-5-015-42*NAV-T150*MVG;PLANSTRAHLER® 400;Ja;02.10.2003;NAV-T150*SUPER*4Y;150;168;32000;115;17500;A+;12.5
42299-2110153-00;52.54557895;13.42747877;SIE*SR100*NAV-T100/150W*LU*SKL2;SITECO Mastleuchte SR 100;Ja;02.10.2003;NAV-T250*SUPER 4Y;250;281;32000;130;33200;A+;10
42299-2110154-00;52.54577101;13.42803703;SIE*SR100*NAV-T100/150W*LU*SKL2;SITECO Mastleuchte SR 100;Ja;02.10.2003;NAV-T250*SUPER 4Y;250;281;32000;130;33200;A+;10
42299-2110155-00;52.5457835;13.42754417;SIL*455-5-015-42*NAV-T150*MVG;PLANSTRAHLER® 400;Ja;02.10.2003;NAV-T150*SUPER*4Y;150;168;32000;115;17500;A+;12.5
42299-2110156-00;52.54602021;13.42816353;SIE*SR100*NAV-T100/150W*LU*SKL2;SITECO Mastleuchte SR 100;Ja;02.10.2003;NAV-T150* 4Y;150;168;32000;97;14500;A+;10
42299-2110157-00;52.54595825;13.42759781;SIE*SR100*NAV-T250*LU*SKL2;SITECO Mastleuchte SR 100;Ja;16.01.2014;NAV-T250*SUPER 4Y;250;281;32000;130;33200;A+;10
42299-2110158-00;52.54626577;13.4282548;SIE*SR100*NAV-T100/150W*LU*SKL2;SITECO Mastleuchte SR 100;Ja;02.10.2003;NAV-T250*SUPER 4Y;250;281;32000;130;33200;A+;10
42299-2110159-00;52.5462078;13.42769618;SIE*SR100*NAV-T100/150W*LU*SKL2;SITECO Mastleuchte SR 100;Ja;02.10.2003;NAV-T250*SUPER 4Y;250;281;32000;130;33200;A+;10
42299-2110160-00;52.54654331;13.42835441;SIE*SR100*NAV-T100/150W*LU*SKL2;SITECO Mastleuchte SR 100;Ja;02.10.2003;NAV-T250*SUPER 4Y;250;281;32000;130;33200;A+;10
42299-2110161-00;52.54647531;13.42779447;SIE*SR100*NAV-T100/150W*LU*SKL2;SITECO Mastleuchte SR 100;Ja;02.10.2003;NAV-T250*SUPER 4Y;250;281;32000;130;33200;A+;10
42299-2110162-00;52.5468061;13.42847117;SIE*SR100*NAV-T100/150W*LU*SKL2;SITECO Mastleuchte SR 100;Ja;02.10.2003;NAV-T250*SUPER 4Y;250;281;32000;130;33200;A+;10
42299-2110163-00;52.54677656;13.42791103;SIE*SR100*NAV-T100/150W*LU*SKL2;SITECO Mastleuchte SR 100;Ja;02.10.2003;NAV-T150*SUPER*4Y;150;168;32000;115;17500;A+;10
42299-2110164-00;52.54707789;13.42859066;SIE*SR100*NAV-T100/150W*LU*SKL2;SITECO Mastleuchte SR 100;Ja;02.10.2003;NAV-T250*SUPER 4Y;250;281;32000;130;33200;A+;10
42299-2110165-00;52.54701488;13.42801683;SIE*SR100*NAV-T100/150W*LU*SKL2;SITECO Mastleuchte SR 100;Ja;02.10.2003;NAV-T250*SUPER 4Y;250;281;32000;130;33200;A+;10
42299-2110166-00;52.54734944;13.42871619;SIE*SR100*NAV-T100/150W*LU*SKL2;SITECO Mastleuchte SR 100;Ja;02.10.2003;NAV-T250*SUPER 4Y;250;281;32000;130;33200;A+;10
42299-2110167-00;52.54726669;13.42812625;SIE*SR100*NAV-T100/150W*LU*SKL2;SITECO Mastleuchte SR 100;Ja;02.10.2003;NAV-T250*SUPER 4Y;250;281;32000;130;33200;A+;10
42299-2110168-00;52.54762811;13.42882278;A&G*CLASSICA*1800*NAV-T150* LUME*SKL2;A&G Classica;Ja;02.10.2003;NAV-T150*SUPER*4Y;150;168;32000;115;17500;A+;10
42299-2110169-00;52.5475005;13.42822101;SIE*SR100*NAV-T100/150W*LU*SKL2;SITECO Mastleuchte SR 100;Ja;02.10.2003;NAV-T250*SUPER 4Y;250;281;32000;130;33200;A+;10
42299-2110170-00;52.54786624;13.42891386;SIE*SR100*NAV-T100/150W*LU*SKL2;SITECO Mastleuchte SR 100;Ja;02.10.2003;NAV-T250*SUPER 4Y;250;281;32000;130;33200;A+;10
42299-2110171-00;52.54774116;13.42838207;SIE*SR100*NAV-T100/150W*LU*SKL2;SITECO Mastleuchte SR 100;Ja;02.10.2003;NAV-T250*SUPER 4Y;250;281;32000;130;33200;A+;10
42299-2110172-00;52.54811891;13.42906839;SIE*SR100*NAV-T100/150W*LU*SKL2;SITECO Mastleuchte SR 100;Ja;02.10.2003;NAV-T250*SUPER 4Y;250;281;32000;130;33200;A+;10
42299-2110173-00;52.54798168;13.42846207;SIE*SR100*NAV-T100/150W*LU*SKL2;SITECO Mastleuchte SR 100;Ja;02.10.2003;NAV-T250*SUPER 4Y;250;281;32000;130;33200;A+;10
42299-2110174-00;52.54842551;13.42920816;SIE*SR100*NAV-T100/150W*LU*SKL2;SITECO Mastleuchte SR 100;Ja;02.10.2003;NAV-T250*SUPER 4Y;250;281;32000;130;33200;A+;10
42299-2110175-00;52.54826721;13.42858608;SIE*SR100*NAV-T100/150W*LU*SKL2;SITECO Mastleuchte SR 100;Ja;02.10.2003;NAV-T250*SUPER 4Y;250;281;32000;130;33200;A+;10
42299-2110176-00;52.54871241;13.42933782;SIE*SR100*NAV-T100/150W*LU*SKL2;SITECO Mastleuchte SR 100;Ja;02.10.2003;NAV-T250*SUPER 4Y;250;281;32000;130;33200;A+;10
42299-2110177-00;52.54855727;13.4287285;SIE*SR100*NAV-T100/150W*LU*SKL2;SITECO Mastleuchte SR 100;Ja;02.10.2003;NAV-T250*SUPER 4Y;250;281;32000;130;33200;A+;10
42299-2110178-00;52.54896565;13.42945188;SIE*SR100*NAV-T100/150W*LU*SKL2;SITECO Mastleuchte SR 100;Ja;02.10.2003;NAV-T250*SUPER 4Y;250;281;32000;130;33200;A+;10
42299-2110179-00;52.54885854;13.4288635;SIE*SR100*NAV-T100/150W*LU*SKL2;SITECO Mastleuchte SR 100;Ja;02.10.2003;NAV-T250*SUPER 4Y;250;281;32000;130;33200;A+;10
42299-2110180-00;52.54916706;13.42954378;SIE*SR100*NAV-T100/150W*LU*SKL2;SITECO Mastleuchte SR 100;Ja;02.10.2003;NAV-T250*SUPER 4Y;250;281;32000;130;33200;A+;10
42299-2110181-00;52.54911034;13.42896925;SIE*SR100*NAV-T100/150W*LU*SKL2;SITECO Mastleuchte SR 100;Ja;02.10.2003;NAV-T250*SUPER 4Y;250;281;32000;130;33200;A+;10
42299-2110182-00;52.54945928;13.42967603;SIE*SR100*NAV-T100/150W*LU*SKL2;SITECO Mastleuchte SR 100;Ja;02.10.2003;NAV-T250*SUPER 4Y;250;281;32000;130;33200;A+;10
42299-2110183-00;52.54938014;13.42908965;SIE*SR100*NAV-T100/150W*LU*SKL2;SITECO Mastleuchte SR 100;Ja;02.10.2003;NAV-T250*SUPER 4Y;250;281;32000;130;33200;A+;10
42299-2110184-00;52.54974741;13.42980415;SIE*SR100*NAV-T100/150W*LU*SKL2;SITECO Mastleuchte SR 100;Ja;02.10.2003;NAV-T250*SUPER 4Y;250;281;32000;130;33200;A+;10
42299-2110185-00;52.54964545;13.42921008;SIE*SR100*NAV-T100/150W*LU*SKL2;SITECO Mastleuchte SR 100;Ja;02.10.2003;NAV-T250*SUPER 4Y;250;281;32000;130;33200;A+;10
42299-2110186-00;52.55003558;13.42993881;SIE*SR100*NAV-T100/150W*LU*SKL2;SITECO Mastleuchte SR 100;Ja;02.10.2003;NAV-T250*SUPER 4Y;250;281;32000;130;33200;A+;10
42299-2110187-00;52.54991751;13.42934153;SIE*SR100*NAV-T100/150W*LU*SKL2;SITECO Mastleuchte SR 100;Ja;02.10.2003;NAV-T250*SUPER 4Y;250;281;32000;130;33200;A+;10
42299-2110188-00;52.55027027;13.4300447;SIE*SR100*NAV-T100/150W*LU*SKL2;SITECO Mastleuchte SR 100;Ja;02.10.2003;NAV-T250*SUPER 4Y;250;281;32000;130;33200;A+;10
42299-2110189-00;52.5502098;13.42947658;SIE*SR100*NAV-T100/150W*LU*SKL2;SITECO Mastleuchte SR 100;Ja;02.10.2003;NAV-T250*SUPER 4Y;250;281;32000;130;33200;A+;10
42299-2110190-00;52.55052811;13.43016184;SIE*SR100*NAV-T100/150W*LU*SKL2;SITECO Mastleuchte SR 100;Ja;02.10.2003;NAV-T250*SUPER 4Y;250;281;32000;130;33200;A+;10
42299-2110191-00;52.55049983;13.42960796;SIE*SR100*NAV-T100/150W*LU*SKL2;SITECO Mastleuchte SR 100;Ja;02.10.2003;NAV-T250*SUPER 4Y;250;281;32000;130;33200;A+;10
42299-2110192-00;52.55080214;13.43028452;SIE*SR100*NAV-T100/150W*LU*SKL2;SITECO Mastleuchte SR 100;Ja;02.10.2003;NAV-T250*SUPER 4Y;250;281;32000;130;33200;A+;10
42299-2110193-00;52.55070444;13.42970655;SIE*SR100*NAV-T100/150W*LU*SKL2;SITECO Mastleuchte SR 100;Ja;02.10.2003;NAV-T250*SUPER 4Y;250;281;32000;130;33200;A+;10
42299-2110195-00;52.55092262;13.42986037;SIE*SR100*NAV-T100/150W*LU*SKL2;SITECO Mastleuchte SR 100;Ja;02.10.2003;NAV-T250*SUPER 4Y;250;281;32000;130;33200;A+;10
42616-2110001-00;52.55450227;13.41439669;SEM*SX7-041409-003*ESSLINGEN* NAV-E250*LUME*SKL2;Esslingen-Kandelaber;Nein;28.04.1994;NAV-E250*SUPER 4Y;250;281;48000;-;31600;-;8.15
;;;SEM*SX7-041409-005*ESSLINGEN* NAV-E70*SKL2;Esslingen-Kandelaber;Nein;28.04.1994;NAV-E70 4Y;70;70;28000;93;6600;-;
42616-2110002-00;52.55444654;13.41497522;SEM*SX7-041409-003*ESSLINGEN* NAV-E250*LUME*SKL2;Esslingen-Kandelaber;Nein;30.07.1993;NAV-E250*SUPER 4Y;250;281;48000;-;31600;-;8.15
;;;SEM*SX7-041409-005*ESSLINGEN* NAV-E70*SKL2;Esslingen-Kandelaber;Nein;30.07.1993;NAV-E70 4Y;70;70;28000;93;6600;-;
;;;SIL*455-5-015-42*NAV-T150*MVG;PLANSTRAHLER 400;Ja;17.07.2006;NAV-T150;150;165;24000;100;15000;A+;
42616-2110003-00;52.55427533;13.41438305;SEM*SX7-041409-003*ESSLINGEN* NAV-E250*LUME*SKL2;Esslingen-Kandelaber;Nein;28.04.1994;NAV-E250*SUPER 4Y;250;281;48000;-;31600;-;8.15
;;;SEM*SX7-041409-005*ESSLINGEN* NAV-E70*SKL2;Esslingen-Kandelaber;Nein;28.04.1994;NAV-E70 4Y;70;70;28000;93;6600;-;
42616-2110004-00;52.55420655;13.41492754;SEM*SX7-041409-003*ESSLINGEN* NAV-E250*LUME*SKL2;Esslingen-Kandelaber;Nein;30.07.1993;NAV-E250*SUPER 4Y;250;281;48000;-;31600;-;8.15
;;;SEM*SX7-041409-005*ESSLINGEN* NAV-E70*SKL2;Esslingen-Kandelaber;Nein;30.07.1993;NAV-E70 4Y;70;70;28000;93;6600;-;
42616-2110005-00;52.55405056;13.41432148;SEM*SX7-041409-003*ESSLINGEN* NAV-E250*LUME*SKL2;Esslingen-Kandelaber;Nein;28.04.1994;NAV-E250*SUPER 4Y;250;281;48000;-;31600;-;8.15
;;;SEM*SX7-041409-005*ESSLINGEN* NAV-E70*SKL2;Esslingen-Kandelaber;Nein;28.04.1994;NAV-E70 4Y;70;70;28000;93;6600;-;
42616-2110006-00;52.55399981;13.41486403;SEM*SX7-041409-003*ESSLINGEN* NAV-E250*LUME*SKL2;Esslingen-Kandelaber;Nein;02.08.1993;NAV-E250*SUPER 4Y;250;281;48000;-;31600;-;8.15
;;;SEM*SX7-041409-005*ESSLINGEN* NAV-E70*SKL2;Esslingen-Kandelaber;Nein;02.08.1993;NAV-E70 4Y;70;70;28000;93;6600;-;
;;;SIL*455-5-015-42*NAV-T150*MVG;PLANSTRAHLER 400;Ja;17.07.2006;NAV-T150;150;165;24000;100;15000;A+;
42616-2110010-00;52.55363801;13.4147842;SEM*SX7-041409-003*ESSLINGEN* NAV-E250*LUME*SKL2;Esslingen-Kandelaber;Nein;28.07.1993;NAV-E250*SUPER 4Y;250;281;48000;-;31600;-;8.15
;;;SEM*SX7-041409-005*ESSLINGEN* NAV-E70*SKL2;Esslingen-Kandelaber;Nein;28.07.1993;NAV-E70 4Y;70;70;28000;93;6600;-;
42616-2110011-00;52.55349541;13.41419147;SEM*SX7-041409-003*ESSLINGEN* NAV-E250*LUME*SKL2;Esslingen-Kandelaber;Nein;21.10.1993;NAV-E250*SUPER 4Y;250;281;48000;-;31600;-;8.15
;;;SEM*SX7-041409-005*ESSLINGEN* NAV-E70*SKL2;Esslingen-Kandelaber;Nein;21.10.1993;NAV-E70 4Y;70;70;28000;93;6600;-;
42616-2110012-00;52.55344923;13.41474826;SEM*SX7-041409-003*ESSLINGEN* NAV-E250*LUME*SKL2;Esslingen-Kandelaber;Nein;28.07.1993;NAV-E250*SUPER 4Y;250;281;48000;-;31600;-;8.15
;;;SEM*SX7-041409-005*ESSLINGEN* NAV-E70*SKL2;Esslingen-Kandelaber;Nein;28.07.1993;NAV-E70 4Y;70;70;28000;93;6600;-;
42616-2110013-00;52.55321836;13.41423722;SEM*SX7-041409-003*ESSLINGEN* NAV-E250*LUME*SKL2;Esslingen-Kandelaber;Nein;30.10.1993;NAV-E250*SUPER 4Y;250;281;48000;-;31600;-;8.15
;;;SEM*SX7-041409-005*ESSLINGEN* NAV-E70*SKL2;Esslingen-Kandelaber;Nein;30.10.1993;NAV-E70 4Y;70;70;28000;93;6600;-;
42616-2110014-00;52.55316585;13.41468865;SEM*SX7-041409-003*ESSLINGEN* NAV-E250*LUME*SKL2;Esslingen-Kandelaber;Nein;28.07.1993;NAV-E250*SUPER 4Y;250;281;48000;-;31600;-;8.15
;;;SEM*SX7-041409-005*ESSLINGEN* NAV-E70*SKL2;Esslingen-Kandelaber;Nein;28.07.1993;NAV-E70 4Y;70;70;28000;93;6600;-;
42616-2110015-00;52.55300174;13.4140775;SEM*SX7-041409-003*ESSLINGEN* NAV-E250*LUME*SKL2;Esslingen-Kandelaber;Nein;30.10.1993;NAV-E250*SUPER 4Y;250;281;48000;-;31600;-;8.15
;;;SEM*SX7-041409-005*ESSLINGEN* NAV-E70*SKL2;Esslingen-Kandelaber;Nein;30.10.1993;NAV-E70 4Y;70;70;28000;93;6600;-;
42616-2110016-00;52.55292458;13.41463739;SEM*SX7-041409-003*ESSLINGEN* NAV-E250*LUME*SKL2;Esslingen-Kandelaber;Nein;28.07.1993;NAV-E250*SUPER 4Y;250;281;48000;-;31600;-;8.15
;;;SEM*SX7-041409-005*ESSLINGEN* NAV-E70*SKL2;Esslingen-Kandelaber;Nein;28.07.1993;NAV-E70 4Y;70;70;28000;93;6600;-;
42616-2110017-00;52.55273338;13.41404936;SEM*SX7-041409-003*ESSLINGEN* NAV-E250*LUME*SKL2;Esslingen-Kandelaber;Nein;30.10.1993;NAV-E250*SUPER 4Y;250;281;48000;-;31600;-;8.15
;;;SEM*SX7-041409-005*ESSLINGEN* NAV-E70*SKL2;Esslingen-Kandelaber;Nein;30.10.1993;NAV-E70 4Y;70;70;28000;93;6600;-;
42616-2110018-00;52.55266769;13.41458567;SEM*SX7-041409-003*ESSLINGEN* NAV-E250*LUME*SKL2;Esslingen-Kandelaber;Nein;22.06.1993;NAV-E250*SUPER 4Y;250;281;48000;-;31600;-;8.15
;;;SEM*SX7-041409-005*ESSLINGEN* NAV-E70*SKL2;Esslingen-Kandelaber;Nein;22.06.1993;NAV-E70 4Y;70;70;28000;93;6600;-;
42616-2110019-00;52.55246612;13.41397211;SEM*SX7-041409-003*ESSLINGEN* NAV-E250*LUME*SKL2;Esslingen-Kandelaber;Nein;30.10.1993;NAV-E250*SUPER 4Y;250;281;48000;-;31600;-;8.15
;;;SEM*SX7-041409-005*ESSLINGEN* NAV-E70*SKL2;Esslingen-Kandelaber;Nein;30.10.1993;NAV-E70 4Y;70;70;28000;93;6600;-;
42616-2110020-00;52.55241345;13.41453082;SEM*SX7-041409-003*ESSLINGEN* NAV-E250*LUME*SKL2;Esslingen-Kandelaber;Nein;22.06.1993;NAV-E250*SUPER 4Y;250;281;48000;-;31600;-;8.15
;;;SEM*SX7-041409-005*ESSLINGEN* NAV-E70*SKL2;Esslingen-Kandelaber;Nein;22.06.1993;NAV-E70 4Y;70;70;28000;93;6600;-;
42616-2110021-00;52.55219427;13.41392158;SEM*SX7-041409-003*ESSLINGEN* NAV-E250*LUME*SKL2;Esslingen-Kandelaber;Nein;29.10.1993;NAV-E250*SUPER 4Y;250;281;48000;-;31600;-;8.15
;;;SEM*SX7-041409-005*ESSLINGEN* NAV-E70*SKL2;Esslingen-Kandelaber;Nein;29.10.1993;NAV-E70 4Y;70;70;28000;93;6600;-;
42616-2110022-00;52.55219478;13.41448109;SEM*SX7-041409-003*ESSLINGEN* NAV-E250*LUME*SKL2;Esslingen-Kandelaber;Nein;28.07.1993;NAV-E250*SUPER 4Y;250;281;48000;-;31600;-;8.15
;;;SEM*SX7-041409-005*ESSLINGEN* NAV-E70*SKL2;Esslingen-Kandelaber;Nein;28.07.1993;NAV-E70 4Y;70;70;28000;93;6600;-;
42616-2110023-00;52.55194408;13.41391116;SEM*SX7-041409-003*ESSLINGEN* NAV-E250*LUME*SKL2;Esslingen-Kandelaber;Nein;29.10.1993;NAV-E250*SUPER 4Y;250;281;48000;-;31600;-;8.15
;;;SEM*SX7-041409-005*ESSLINGEN* NAV-E70*SKL2;Esslingen-Kandelaber;Nein;29.10.1993;NAV-E70 4Y;70;70;28000;93;6600;-;
42616-2110024-00;52.55193267;13.41443317;SEM*SX7-041409-003*ESSLINGEN* NAV-E250*LUME*SKL2;Esslingen-Kandelaber;Nein;28.07.1993;NAV-E250*SUPER 4Y;250;281;48000;-;31600;-;8.15
;;;SEM*SX7-041409-005*ESSLINGEN* NAV-E70*SKL2;Esslingen-Kandelaber;Nein;28.07.1993;NAV-E70 4Y;70;70;28000;93;6600;-;
42616-2110025-00;52.55170453;13.41383344;SEM*SX7-041409-003*ESSLINGEN* NAV-E250*LUME*SKL2;Esslingen-Kandelaber;Nein;30.10.1993;NAV-E250*SUPER 4Y;250;281;48000;-;31600;-;8.15
;;;SEM*SX7-041409-005*ESSLINGEN* NAV-E70*SKL2;Esslingen-Kandelaber;Nein;30.10.1993;NAV-E70 4Y;70;70;28000;93;6600;-;
42616-2110026-00;52.55168725;13.4143887;SEM*SX7-041409-003*ESSLINGEN* NAV-E250*LUME*SKL2;Esslingen-Kandelaber;Nein;28.07.1993;NAV-E250*SUPER 4Y;250;281;48000;-;31600;-;8.15
;;;SEM*SX7-041409-005*ESSLINGEN* NAV-E70*SKL2;Esslingen-Kandelaber;Nein;28.07.1993;NAV-E70 4Y;70;70;28000;93;6600;-;
42616-2110027-00;52.55145822;13.41378468;SEM*SX7-041409-003*ESSLINGEN* NAV-E250*LUME*SKL2;Esslingen-Kandelaber;Nein;29.10.1993;NAV-E250*SUPER 4Y;250;281;48000;-;31600;-;8.15
;;;SEM*SX7-041409-005*ESSLINGEN* NAV-E70*SKL2;Esslingen-Kandelaber;Nein;29.10.1993;NAV-E70 4Y;70;70;28000;93;6600;-;
42616-2110028-00;52.55145454;13.4143507;SEM*SX7-041409-003*ESSLINGEN* NAV-E250*LUME*SKL2;Esslingen-Kandelaber;Nein;30.07.1993;NAV-E250*SUPER 4Y;250;281;48000;-;31600;-;8.15
;;;SEM*SX7-041409-005*ESSLINGEN* NAV-E70*SKL2;Esslingen-Kandelaber;Nein;30.07.1993;NAV-E70 4Y;70;70;28000;93;6600;-;
42616-2110029-00;52.55116519;13.41373412;SEM*SX7-041409-003*ESSLINGEN* NAV-E250*LUME*SKL2;Esslingen-Kandelaber;Nein;28.10.1993;NAV-E250*SUPER 4Y;250;281;48000;-;31600;-;8.15
;;;SEM*SX7-041409-005*ESSLINGEN* NAV-E70*SKL2;Esslingen-Kandelaber;Nein;28.10.1993;NAV-E70 4Y;70;70;28000;93;6600;-;
42616-2110030-00;52.55115376;13.41429562;SEM*SX7-041409-003*ESSLINGEN* NAV-E250*LUME*SKL2;Esslingen-Kandelaber;Nein;30.07.1993;NAV-E250*SUPER 4Y;250;281;48000;-;31600;-;8.15
;;;SEM*SX7-041409-005*ESSLINGEN* NAV-E70*SKL2;Esslingen-Kandelaber;Nein;30.07.1993;NAV-E70 4Y;70;70;28000;93;6600;-;
42616-2110031-00;52.55093;13.41372652;SEM*SX7-041409-003*ESSLINGEN* NAV-E250*LUME*SKL2;Esslingen-Kandelaber;Nein;29.10.1993;NAV-E250*SUPER 4Y;250;281;48000;-;31600;-;8.15
;;;SEM*SX7-041409-005*ESSLINGEN* NAV-E70*SKL2;Esslingen-Kandelaber;Nein;29.10.1993;NAV-E70 4Y;70;70;28000;93;6600;-;
42616-2110032-00;52.55090487;13.41424947;SEM*SX7-041409-003*ESSLINGEN* NAV-E250*LUME*SKL2;Esslingen-Kandelaber;Nein;28.07.1993;NAV-E250*SUPER 4Y;250;281;48000;-;31600;-;8.15
;;;SEM*SX7-041409-005*ESSLINGEN* NAV-E70*SKL2;Esslingen-Kandelaber;Nein;28.07.1993;NAV-E70 4Y;70;70;28000;93;6600;-;
42616-2110033-00;52.55068023;13.41364728;SEM*SX7-041409-003*ESSLINGEN* NAV-E250*LUME*SKL2;Esslingen-Kandelaber;Nein;28.07.1994;NAV-E250*SUPER 4Y;250;281;48000;-;31600;-;8.15
;;;SEM*SX7-041409-005*ESSLINGEN* NAV-E70*SKL2;Esslingen-Kandelaber;Nein;28.07.1994;NAV-E70 4Y;70;70;28000;93;6600;-;
42616-2110034-00;52.5506109;13.41419881;SEM*SX7-041409-003*ESSLINGEN* NAV-E250*LUME*SKL2;Esslingen-Kandelaber;Nein;28.07.1993;NAV-E250*SUPER 4Y;250;281;48000;-;31600;-;8.15
;;;SEM*SX7-041409-005*ESSLINGEN* NAV-E70*SKL2;Esslingen-Kandelaber;Nein;28.07.1993;NAV-E70 4Y;70;70;28000;93;6600;-;
42616-2110035-00;52.55037761;13.41359272;SEM*SX7-041409-003*ESSLINGEN* NAV-E250*LUME*SKL2;Esslingen-Kandelaber;Nein;26.08.1993;NAV-E250*SUPER 4Y;250;281;48000;-;31600;-;8.15
;;;SEM*SX7-041409-005*ESSLINGEN* NAV-E70*SKL2;Esslingen-Kandelaber;Nein;26.08.1993;NAV-E70 4Y;70;70;28000;93;6600;-;
42616-2110036-00;52.55036732;13.41415477;SEM*SX7-041409-003*ESSLINGEN* NAV-E250*LUME*SKL2;Esslingen-Kandelaber;Nein;28.07.1993;NAV-E250*SUPER 4Y;250;281;48000;-;31600;-;8.15
;;;SEM*SX7-041409-005*ESSLINGEN* NAV-E70*SKL2;Esslingen-Kandelaber;Nein;28.07.1993;NAV-E70 4Y;70;70;28000;93;6600;-;
42616-2110037-00;52.55012367;13.41355039;SEM*SX7-041409-003*ESSLINGEN* NAV-E250*LUME*SKL2;Esslingen-Kandelaber;Nein;26.08.1993;NAV-E250*SUPER 4Y;250;281;48000;-;31600;-;8.15
;;;SEM*SX7-041409-005*ESSLINGEN* NAV-E70*SKL2;Esslingen-Kandelaber;Nein;26.08.1993;NAV-E70 4Y;70;70;28000;93;6600;-;
42616-2110038-00;52.5500749;13.41410689;SEM*SX7-041409-003*ESSLINGEN* NAV-E250*LUME*SKL2;Esslingen-Kandelaber;Nein;22.06.1993;NAV-E250*SUPER 4Y;250;281;48000;-;31600;-;8.15
;;;SEM*SX7-041409-005*ESSLINGEN* NAV-E70*SKL2;Esslingen-Kandelaber;Nein;22.06.1993;NAV-E70 4Y;70;70;28000;93;6600;-;
42616-2110039-00;52.54984713;13.41349539;SEM*SX7-041409-003*ESSLINGEN* NAV-E250*LUME*SKL2;Esslingen-Kandelaber;Nein;26.08.1993;NAV-E250*SUPER 4Y;250;281;48000;-;31600;-;8.15
;;;SEM*SX7-041409-005*ESSLINGEN* NAV-E70*SKL2;Esslingen-Kandelaber;Nein;26.08.1993;NAV-E70 4Y;70;70;28000;93;6600;-;
42616-2110040-00;52.54983754;13.41405848;SEM*SX7-041409-003*ESSLINGEN* NAV-E250*LUME*SKL2;Esslingen-Kandelaber;Nein;22.06.1993;NAV-E250*SUPER 4Y;250;281;48000;-;31600;-;8.15
;;;SEM*SX7-041409-005*ESSLINGEN* NAV-E70*SKL2;Esslingen-Kandelaber;Nein;22.06.1993;NAV-E70 4Y;70;70;28000;93;6600;-;
42616-2110041-00;52.54958844;13.41345616;SEM*SX7-041409-003*ESSLINGEN* NAV-E250*LUME*SKL2;Esslingen-Kandelaber;Nein;06.09.1994;NAV-E250*SUPER 4Y;250;281;48000;-;31600;-;8.15
;;;SEM*SX7-041409-005*ESSLINGEN* NAV-E70*SKL2;Esslingen-Kandelaber;Nein;06.09.1994;NAV-E70 4Y;70;70;28000;93;6600;-;
42616-2110042-00;52.54958531;13.41401562;SEM*SX7-041409-003*ESSLINGEN* NAV-E250*LUME*SKL2;Esslingen-Kandelaber;Nein;22.06.1993;NAV-E250*SUPER 4Y;250;281;48000;-;31600;-;8.15
;;;SEM*SX7-041409-005*ESSLINGEN* NAV-E70*SKL2;Esslingen-Kandelaber;Nein;22.06.1993;NAV-E70 4Y;70;70;28000;93;6600;-;
42616-2110043-00;52.54930719;13.4134018;SEM*SX7-041409-003*ESSLINGEN* NAV-E250*LUME*SKL2;Esslingen-Kandelaber;Nein;06.09.1994;NAV-E250*SUPER 4Y;250;281;48000;-;31600;-;8.15
;;;SEM*SX7-041409-005*ESSLINGEN* NAV-E70*SKL2;Esslingen-Kandelaber;Nein;06.09.1994;NAV-E70 4Y;70;70;28000;93;6600;-;
42616-2110044-00;52.54927686;13.41396794;SEM*SX7-041409-003*ESSLINGEN* NAV-E250*LUME*SKL2;Esslingen-Kandelaber;Nein;22.06.1993;NAV-E250*SUPER 4Y;250;281;48000;-;31600;-;8.15
;;;SEM*SX7-041409-005*ESSLINGEN* NAV-E70*SKL2;Esslingen-Kandelaber;Nein;22.06.1993;NAV-E70 4Y;70;70;28000;93;6600;-;
42616-2110045-00;52.54907463;13.41337054;SEM*SX7-041409-003*ESSLINGEN* NAV-E250*LUME*SKL2;Esslingen-Kandelaber;Nein;03.09.1993;NAV-E250*SUPER 4Y;250;281;48000;-;31600;-;8.15
;;;SEM*SX7-041409-005*ESSLINGEN* NAV-E70*SKL2;Esslingen-Kandelaber;Nein;03.09.1993;NAV-E70 4Y;70;70;28000;93;6600;-;
42616-2110046-00;52.54908023;13.41393517;SEM*SX7-041409-003*ESSLINGEN* NAV-E250*LUME*SKL2;Esslingen-Kandelaber;Nein;22.06.1993;NAV-E250*SUPER 4Y;250;281;48000;-;31600;-;8.15
;;;SEM*SX7-041409-005*ESSLINGEN* NAV-E70*SKL2;Esslingen-Kandelaber;Nein;22.06.1993;NAV-E70 4Y;70;70;28000;93;6600;-;
42616-2110047-00;52.54881396;13.41333864;SEM*SX7-041409-003*ESSLINGEN* NAV-E250*LUME*SKL2;Esslingen-Kandelaber;Nein;06.09.1994;NAV-E250*SUPER 4Y;250;281;48000;-;31600;-;8.15
;;;SEM*SX7-041409-005*ESSLINGEN* NAV-E70*SKL2;Esslingen-Kandelaber;Nein;06.09.1994;NAV-E70 4Y;70;70;28000;93;6600;-;
42616-2110048-00;52.54880081;13.41388632;SEM*SX7-041409-003*ESSLINGEN* NAV-E250*LUME*SKL2;Esslingen-Kandelaber;Nein;10.06.1993;NAV-E250*SUPER 4Y;250;281;48000;-;31600;-;8.15
;;;SEM*SX7-041409-005*ESSLINGEN* NAV-E70*SKL2;Esslingen-Kandelaber;Nein;10.06.1993;NAV-E70 4Y;70;70;28000;93;6600;-;
42616-2110049-00;52.54858475;13.41331027;SEM*SX7-041409-003*ESSLINGEN* NAV-E250*LUME*SKL2;Esslingen-Kandelaber;Nein;08.06.1995;NAV-E250*SUPER 4Y;250;281;48000;-;31600;-;8.15
;;;SEM*SX7-041409-005*ESSLINGEN* NAV-E70*SKL2;Esslingen-Kandelaber;Nein;08.06.1995;NAV-E70 4Y;70;70;28000;93;6600;-;
42616-2110050-00;52.54855009;13.41384352;SEM*SX7-041409-003*ESSLINGEN* NAV-E250*LUME*SKL2;Esslingen-Kandelaber;Nein;22.06.1993;NAV-E250*SUPER 4Y;250;281;48000;-;31600;-;8.15
;;;SEM*SX7-041409-005*ESSLINGEN* NAV-E70*SKL2;Esslingen-Kandelaber;Nein;22.06.1993;NAV-E70 4Y;70;70;28000;93;6600;-;
42616-2110051-00;52.54834203;13.41325985;SEM*SX7-041409-003*ESSLINGEN* NAV-E250*LUME*SKL2;Esslingen-Kandelaber;Nein;08.06.1995;NAV-E250*SUPER 4Y;250;281;48000;-;31600;-;8.15
;;;SEM*SX7-041409-005*ESSLINGEN* NAV-E70*SKL2;Esslingen-Kandelaber;Nein;08.06.1995;NAV-E70 4Y;70;70;28000;93;6600;-;
42616-2110052-00;52.54827612;13.41379966;SEM*SX7-041409-003*ESSLINGEN* NAV-E250*LUME*SKL2;Esslingen-Kandelaber;Nein;22.06.1993;NAV-E250*SUPER 4Y;250;281;48000;-;31600;-;8.15
;;;SEM*SX7-041409-005*ESSLINGEN* NAV-E70*SKL2;Esslingen-Kandelaber;Nein;22.06.1993;NAV-E70 4Y;70;70;28000;93;6600;-;
42616-2110053-00;52.54804988;13.41321336;SEM*SX7-041409-003*ESSLINGEN* NAV-E250*LUME*SKL2;Esslingen-Kandelaber;Nein;06.09.1994;NAV-E250*SUPER 4Y;250;281;48000;-;31600;-;8.15
;;;SEM*SX7-041409-005*ESSLINGEN* NAV-E70*SKL2;Esslingen-Kandelaber;Nein;06.09.1994;NAV-E70 4Y;70;70;28000;93;6600;-;
42616-2110054-00;52.54799955;13.41374948;SEM*SX7-041409-003*ESSLINGEN* NAV-E250*LUME*SKL2;Esslingen-Kandelaber;Nein;22.06.1993;NAV-E250*SUPER 4Y;250;281;48000;-;31600;-;8.15
;;;SEM*SX7-041409-005*ESSLINGEN* NAV-E70*SKL2;Esslingen-Kandelaber;Nein;22.06.1993;NAV-E70 4Y;70;70;28000;93;6600;-;
42616-2110055-00;52.54785167;13.41316476;SEM*SX7-041409-003*ESSLINGEN* NAV-E250*LUME*SKL2;Esslingen-Kandelaber;Nein;06.09.1994;NAV-E250*SUPER 4Y;250;281;48000;-;31600;-;8.15
;;;SEM*SX7-041409-005*ESSLINGEN* NAV-E70*SKL2;Esslingen-Kandelaber;Nein;06.09.1994;NAV-E70 4Y;70;70;28000;93;6600;-;
42616-2110056-00;52.54779555;13.41370468;SEM*SX7-041409-003*ESSLINGEN* NAV-E250*LUME*SKL2;Esslingen-Kandelaber;Nein;10.06.1993;NAV-E250*SUPER 4Y;250;281;48000;-;31600;-;8.15
;;;SEM*SX7-041409-005*ESSLINGEN* NAV-E70*SKL2;Esslingen-Kandelaber;Nein;10.06.1993;NAV-E70 4Y;70;70;28000;93;6600;-;
42616-2110057-00;52.54749899;13.41310516;SEM*SX7-041409-003*ESSLINGEN* NAV-E250*LUME*SKL2;Esslingen-Kandelaber;Nein;28.07.1994;NAV-E250*SUPER 4Y;250;281;48000;-;31600;-;8.15
;;;SEM*SX7-041409-005*ESSLINGEN* NAV-E70*SKL2;Esslingen-Kandelaber;Nein;28.07.1994;NAV-E70 4Y;70;70;28000;93;6600;-;
42616-2110058-00;52.54747622;13.41364058;SEM*SX7-041409-003*ESSLINGEN* NAV-E250*LUME*SKL2;Esslingen-Kandelaber;Nein;10.06.1993;NAV-E250*SUPER 4Y;250;281;48000;-;31600;-;8.15
;;;SEM*SX7-041409-005*ESSLINGEN* NAV-E70*SKL2;Esslingen-Kandelaber;Nein;10.06.1993;NAV-E70 4Y;70;70;28000;93;6600;-;
42616-2110059-00;52.54719578;13.41300746;SEM*SX7-041409-003*ESSLINGEN* NAV-E250*LUME*SKL2;Esslingen-Kandelaber;Nein;28.07.1994;NAV-E250*SUPER 4Y;250;281;48000;-;31600;-;8.15
;;;SEM*SX7-041409-005*ESSLINGEN* NAV-E70*SKL2;Esslingen-Kandelaber;Nein;28.07.1994;NAV-E70 4Y;70;70;28000;93;6600;-;
42616-2110060-00;52.54721361;13.41357208;SEM*SX7-041409-003*ESSLINGEN* NAV-E250*LUME*SKL2;Esslingen-Kandelaber;Nein;10.06.1993;NAV-E250*SUPER 4Y;250;281;48000;-;31600;-;8.15
;;;SEM*SX7-041409-005*ESSLINGEN* NAV-E70*SKL2;Esslingen-Kandelaber;Nein;10.06.1993;NAV-E70 4Y;70;70;28000;93;6600;-;
42616-2110061-00;52.54701596;13.41295674;SEM*SX7-041409-003*ESSLINGEN* NAV-E250*LUME*SKL2;Esslingen-Kandelaber;Nein;26.08.1993;NAV-E250*SUPER 4Y;250;281;48000;-;31600;-;8.15
;;;SEM*SX7-041409-005*ESSLINGEN* NAV-E70*SKL2;Esslingen-Kandelaber;Nein;26.08.1993;NAV-E70 4Y;70;70;28000;93;6600;-;
42616-2110062-00;52.54699422;13.41350867;SEM*SX7-041409-003*ESSLINGEN* NAV-E250*LUME*SKL2;Esslingen-Kandelaber;Nein;22.06.1993;NAV-E250*SUPER 4Y;250;281;48000;-;31600;-;8.15
;;;SEM*SX7-041409-005*ESSLINGEN* NAV-E70*SKL2;Esslingen-Kandelaber;Nein;22.06.1993;NAV-E70 4Y;70;70;28000;93;6600;-;
42616-2110063-00;52.54665632;13.41285899;SEM*SX7-041409-003*ESSLINGEN* NAV-E250*LUME*SKL2;Esslingen-Kandelaber;Nein;28.07.1994;NAV-E250*SUPER 4Y;250;281;48000;-;31600;-;8.15
;;;SEM*SX7-041409-005*ESSLINGEN* NAV-E70*SKL2;Esslingen-Kandelaber;Nein;28.07.1994;NAV-E70 4Y;70;70;28000;93;6600;-;
42616-2110064-00;52.54672851;13.41343861;SEM*SX7-041409-003*ESSLINGEN* NAV-E250*LUME*SKL2;Esslingen-Kandelaber;Nein;22.06.1993;NAV-E250*SUPER 4Y;250;281;48000;-;31600;-;8.15
;;;SEM*SX7-041409-005*ESSLINGEN* NAV-E70*SKL2;Esslingen-Kandelaber;Nein;22.06.1993;NAV-E70 4Y;70;70;28000;93;6600;-;
42616-2110065-00;52.54643155;13.41280112;SEM*SX7-041409-003*ESSLINGEN* NAV-E250*LUME*SKL2;Esslingen-Kandelaber;Nein;26.08.1993;NAV-E250*SUPER 4Y;250;281;48000;-;31600;-;8.15
;;;SEM*SX7-041409-005*ESSLINGEN* NAV-E70*SKL2;Esslingen-Kandelaber;Nein;26.08.1993;NAV-E70 4Y;70;70;28000;93;6600;-;
42616-2110066-00;52.54645829;13.41336338;SEM*SX7-041409-003*ESSLINGEN* NAV-E250*LUME*SKL2;Esslingen-Kandelaber;Nein;10.06.1993;NAV-E250*SUPER 4Y;250;281;48000;-;31600;-;8.15
;;;SEM*SX7-041409-005*ESSLINGEN* NAV-E70*SKL2;Esslingen-Kandelaber;Nein;10.06.1993;NAV-E70 4Y;70;70;28000;93;6600;-;
42616-2110067-00;52.54616633;13.41273239;SEM*SX7-041409-003*ESSLINGEN* NAV-E250*LUME*SKL2;Esslingen-Kandelaber;Nein;26.08.1993;NAV-E250*SUPER 4Y;250;281;48000;-;31600;-;8.15
;;;SEM*SX7-041409-005*ESSLINGEN* NAV-E70*SKL2;Esslingen-Kandelaber;Nein;26.08.1993;NAV-E70 4Y;70;70;28000;93;6600;-;
42616-2110068-00;52.546216;13.41329772;SEM*SX7-041409-003*ESSLINGEN* NAV-E250*LUME*SKL2;Esslingen-Kandelaber;Nein;10.06.1993;NAV-E250*SUPER 4Y;250;281;48000;-;31600;-;8.15
;;;SEM*SX7-041409-005*ESSLINGEN* NAV-E70*SKL2;Esslingen-Kandelaber;Nein;10.06.1993;NAV-E70 4Y;70;70;28000;93;6600;-;
42616-2110069-00;52.54595728;13.41267445;SEM*SX7-041409-003*ESSLINGEN* NAV-E250*LUME*SKL2;Esslingen-Kandelaber;Nein;28.07.1994;NAV-E250*SUPER 4Y;250;281;48000;-;31600;-;8.15
;;;SEM*SX7-041409-005*ESSLINGEN* NAV-E70*SKL2;Esslingen-Kandelaber;Nein;28.07.1994;NAV-E70 4Y;70;70;28000;93;6600;-;
42616-2110070-00;52.5460078;13.41324382;SEM*SX7-041409-003*ESSLINGEN* NAV-E250*LUME*SKL2;Esslingen-Kandelaber;Nein;22.06.1993;NAV-E250*SUPER 4Y;250;281;48000;-;31600;-;8.15
;;;SEM*SX7-041409-005*ESSLINGEN* NAV-E70*SKL2;Esslingen-Kandelaber;Nein;22.06.1993;NAV-E70 4Y;70;70;28000;93;6600;-;
42616-2110071-00;52.54571452;13.41260193;SEM*SX7-041409-003*ESSLINGEN* NAV-E250*LUME*SKL2;Esslingen-Kandelaber;Nein;06.09.1994;NAV-E250*SUPER 4Y;250;281;48000;-;31600;-;8.15
;;;SEM*SX7-041409-005*ESSLINGEN* NAV-E70*SKL2;Esslingen-Kandelaber;Nein;06.09.1994;NAV-E70 4Y;70;70;28000;93;6600;-;
42616-2110072-00;52.54574238;13.41317268;SEM*SX7-041409-003*ESSLINGEN* NAV-E250*LUME*SKL2;Esslingen-Kandelaber;Nein;10.06.1993;NAV-E250*SUPER 4Y;250;281;48000;-;31600;-;8.15
;;;SEM*SX7-041409-005*ESSLINGEN* NAV-E70*SKL2;Esslingen-Kandelaber;Nein;10.06.1993;NAV-E70 4Y;70;70;28000;93;6600;-;
42616-2110073-00;52.54541557;13.41252231;SEM*SX7-041409-003*ESSLINGEN* NAV-E250*LUME*SKL2;Esslingen-Kandelaber;Nein;06.09.1994;NAV-E250*SUPER 4Y;250;281;48000;-;31600;-;8.15
;;;SEM*SX7-041409-005*ESSLINGEN* NAV-E70*SKL2;Esslingen-Kandelaber;Nein;06.09.1994;NAV-E70 4Y;70;70;28000;93;6600;-;
42616-2110074-00;52.54550091;13.41310623;SEM*SX7-041409-003*ESSLINGEN* NAV-E250*LUME*SKL2;Esslingen-Kandelaber;Nein;10.06.1993;NAV-E250*SUPER 4Y;250;281;48000;-;31600;-;8.15
;;;SEM*SX7-041409-005*ESSLINGEN* NAV-E70*SKL2;Esslingen-Kandelaber;Nein;10.06.1993;NAV-E70 4Y;70;70;28000;93;6600;-;
42616-2110075-00;52.54520377;13.41245804;SEM*SX7-041409-003*ESSLINGEN* NAV-E250*LUME*SKL2;Esslingen-Kandelaber;Nein;06.09.1994;NAV-E250*SUPER 4Y;250;281;48000;-;31600;-;8.15
;;;SEM*SX7-041409-005*ESSLINGEN* NAV-E70*SKL2;Esslingen-Kandelaber;Nein;06.09.1994;NAV-E70 4Y;70;70;28000;93;6600;-;
42616-2110076-00;52.54523866;13.41303519;SEM*SX7-041409-003*ESSLINGEN* NAV-E250*LUME*SKL2;Esslingen-Kandelaber;Nein;10.06.1993;NAV-E250*SUPER 4Y;250;281;48000;-;31600;-;8.15
;;;SEM*SX7-041409-005*ESSLINGEN* NAV-E70*SKL2;Esslingen-Kandelaber;Nein;10.06.1993;NAV-E70 4Y;70;70;28000;93;6600;-;
42616-2110077-00;52.54493441;13.41238025;SEM*SX7-041409-003*ESSLINGEN* NAV-E250*LUME*SKL2;Esslingen-Kandelaber;Nein;26.08.1993;NAV-E250*SUPER 4Y;250;281;48000;-;31600;-;8.15
;;;SEM*SX7-041409-005*ESSLINGEN* NAV-E70*SKL2;Esslingen-Kandelaber;Nein;26.08.1993;NAV-E70 4Y;70;70;28000;93;6600;-;
42616-2110078-00;52.54498659;13.41296867;SEM*SX7-041409-003*ESSLINGEN* NAV-E250*LUME*SKL2;Esslingen-Kandelaber;Nein;10.06.1993;NAV-E250*SUPER 4Y;250;281;48000;-;31600;-;8.15
;;;SEM*SX7-041409-005*ESSLINGEN* NAV-E70*SKL2;Esslingen-Kandelaber;Nein;10.06.1993;NAV-E70 4Y;70;70;28000;93;6600;-;
42616-2110079-00;52.54467834;13.41234165;SEM*SX7-041409-003*ESSLINGEN* NAV-E250*LUME*SKL2;Esslingen-Kandelaber;Nein;28.07.1994;NAV-E250*SUPER 4Y;250;281;48000;-;31600;-;8.15
;;;SEM*SX7-041409-005*ESSLINGEN* NAV-E70*SKL2;Esslingen-Kandelaber;Nein;28.07.1994;NAV-E70 4Y;70;70;28000;93;6600;-;
42616-2110080-00;52.54468529;13.4128915;SEM*SX7-041409-003*ESSLINGEN* NAV-E250*LUME*SKL2;Esslingen-Kandelaber;Nein;10.06.1993;NAV-E250*SUPER 4Y;250;281;48000;-;31600;-;8.15
;;;SEM*SX7-041409-005*ESSLINGEN* NAV-E70*SKL2;Esslingen-Kandelaber;Nein;10.06.1993;NAV-E70 4Y;70;70;28000;93;6600;-;
42616-2110081-00;52.54438386;13.41224728;SEM*SX7-041409-003*ESSLINGEN* NAV-E250*LUME*SKL2;Esslingen-Kandelaber;Nein;28.07.1994;NAV-E250*SUPER 4Y;250;281;48000;-;31600;-;8.15
;;;SEM*SX7-041409-005*ESSLINGEN* NAV-E70*SKL2;Esslingen-Kandelaber;Nein;28.07.1994;NAV-E70 4Y;70;70;28000;93;6600;-;
42616-2110082-00;52.54445346;13.41282913;SEM*SX7-041409-003*ESSLINGEN* NAV-E250*LUME*SKL2;Esslingen-Kandelaber;Nein;10.06.1993;NAV-E250*SUPER 4Y;250;281;48000;-;31600;-;8.15
;;;SEM*SX7-041409-005*ESSLINGEN* NAV-E70*SKL2;Esslingen-Kandelaber;Nein;10.06.1993;NAV-E70 4Y;70;70;28000;93;6600;-;
42616-2110083-00;52.5441209;13.4121896;SEM*SX7-041409-003*ESSLINGEN* NAV-E250*LUME*SKL2;Esslingen-Kandelaber;Nein;26.08.1993;NAV-E250*SUPER 4Y;250;281;48000;-;31600;-;8.15
;;;SEM*SX7-041409-005*ESSLINGEN* NAV-E70*SKL2;Esslingen-Kandelaber;Nein;26.08.1993;NAV-E70 4Y;70;70;28000;93;6600;-;
42616-2110084-00;52.54414996;13.41274656;SEM*SX7-041409-003*ESSLINGEN* NAV-E250*LUME*SKL2;Esslingen-Kandelaber;Nein;10.06.1993;NAV-E250*SUPER 4Y;250;281;48000;-;31600;-;8.15
;;;SEM*SX7-041409-005*ESSLINGEN* NAV-E70*SKL2;Esslingen-Kandelaber;Nein;10.06.1993;NAV-E70 4Y;70;70;28000;93;6600;-;
42616-2110085-00;52.5437905;13.41210831;SEM*SX7-041409-003*ESSLINGEN* NAV-E250*LUME*SKL2;Esslingen-Kandelaber;Nein;03.09.1993;NAV-E250*SUPER 4Y;250;281;48000;-;31600;-;8.15
;;;SEM*SX7-041409-005*ESSLINGEN* NAV-E70*SKL2;Esslingen-Kandelaber;Nein;03.09.1993;NAV-E70 4Y;70;70;28000;93;6600;-;
42616-2110086-00;52.54390382;13.41268598;SEM*SX7-041409-003*ESSLINGEN* NAV-E250*LUME*SKL2;Esslingen-Kandelaber;Nein;10.06.1993;NAV-E250*SUPER 4Y;250;281;48000;-;31600;-;8.15
;;;SEM*SX7-041409-005*ESSLINGEN* NAV-E70*SKL2;Esslingen-Kandelaber;Nein;10.06.1993;NAV-E70 4Y;70;70;28000;93;6600;-;
42616-2110087-00;52.54353;13.41205847;SEM*SX7-041409-003*ESSLINGEN* NAV-E250*LUME*SKL2;Esslingen-Kandelaber;Nein;28.07.1994;NAV-E250*SUPER 4Y;250;281;48000;-;31600;-;8.15
;;;SEM*SX7-041409-005*ESSLINGEN* NAV-E70*SKL2;Esslingen-Kandelaber;Nein;28.07.1994;NAV-E70 4Y;70;70;28000;93;6600;-;
42616-2110088-00;52.54369565;13.41264662;SEM*SX7-041409-003*ESSLINGEN* NAV-E250*LUME*SKL2;Esslingen-Kandelaber;Nein;10.06.1993;NAV-E250*SUPER 4Y;250;281;48000;-;31600;-;8.15
;;;SEM*SX7-041409-005*ESSLINGEN* NAV-E70*SKL2;Esslingen-Kandelaber;Nein;10.06.1993;NAV-E70 4Y;70;70;28000;93;6600;-;
42616-2110089-00;52.54326624;13.41203448;SEM*SX7-041409-003*ESSLINGEN* NAV-E250*LUME*SKL2;Esslingen-Kandelaber;Nein;28.07.1994;NAV-E250*SUPER 4Y;250;281;48000;-;31600;-;8.15
;;;SEM*SX7-041409-005*ESSLINGEN* NAV-E70*SKL2;Esslingen-Kandelaber;Nein;28.07.1994;NAV-E70 4Y;70;70;28000;93;6600;-;
42616-2110090-00;52.54346873;13.41261523;SEM*SX7-041409-003*ESSLINGEN* NAV-E250*LUME*SKL2;Esslingen-Kandelaber;Nein;10.06.1993;NAV-E250*SUPER 4Y;250;281;48000;-;31600;-;8.15
;;;SEM*SX7-041409-005*ESSLINGEN* NAV-E70*SKL2;Esslingen-Kandelaber;Nein;10.06.1993;NAV-E70 4Y;70;70;28000;93;6600;-;
42616-2110091-00;52.54304448;13.41201485;SEM*SX7-041409-003*ESSLINGEN* NAV-E250*LUME*SKL2;Esslingen-Kandelaber;Nein;28.07.1994;NAV-E250*SUPER 4Y;250;281;48000;-;31600;-;8.15
;;;SEM*SX7-041409-005*ESSLINGEN* NAV-E70*SKL2;Esslingen-Kandelaber;Nein;28.07.1994;NAV-E70 4Y;70;70;28000;93;6600;-;
42616-2110092-00;52.54325126;13.41259888;SEM*SX7-041409-003*ESSLINGEN* NAV-E250*LUME*SKL2;Esslingen-Kandelaber;Nein;10.06.1993;NAV-E250*SUPER 4Y;250;281;48000;-;31600;-;8.15
;;;SEM*SX7-041409-005*ESSLINGEN* NAV-E70*SKL2;Esslingen-Kandelaber;Nein;10.06.1993;NAV-E70 4Y;70;70;28000;93;6600;-;
42616-2110093-00;52.54282265;13.41199564;SEM*SX7-041409-003*ESSLINGEN* NAV-E250*LUME*SKL2;Esslingen-Kandelaber;Nein;28.07.1994;NAV-E250*SUPER 4Y;250;281;48000;-;31600;-;8.15
;;;SEM*SX7-041409-005*ESSLINGEN* NAV-E70*SKL2;Esslingen-Kandelaber;Nein;28.07.1994;NAV-E70 4Y;70;70;28000;93;6600;-;
42616-2110094-00;52.54301421;13.41258039;SEM*SX7-041409-003*ESSLINGEN* NAV-E250*LUME*SKL2;Esslingen-Kandelaber;Nein;10.06.1993;NAV-E250*SUPER 4Y;250;281;48000;-;31600;-;8.15
;;;SEM*SX7-041409-005*ESSLINGEN* NAV-E70*SKL2;Esslingen-Kandelaber;Nein;10.06.1993;NAV-E70 4Y;70;70;28000;93;6600;-;
42616-2110095-00;52.54262165;13.41197894;SEM*SX7-041409-003*ESSLINGEN* NAV-E250*LUME*SKL2;Esslingen-Kandelaber;Nein;28.07.1994;NAV-E250*SUPER 4Y;250;281;48000;-;31600;-;8.15
;;;SEM*SX7-041409-005*ESSLINGEN* NAV-E70*SKL2;Esslingen-Kandelaber;Nein;28.07.1994;NAV-E70 4Y;70;70;28000;93;6600;-;
42616-2110096-00;52.54271519;13.41255654;SEM*SX7-041409-003*ESSLINGEN* NAV-E250*LUME*SKL2;Esslingen-Kandelaber;Nein;10.06.1993;NAV-E250*SUPER 4Y;250;281;48000;-;31600;-;8.15
;;;SEM*SX7-041409-005*ESSLINGEN* NAV-E70*SKL2;Esslingen-Kandelaber;Nein;10.06.1993;NAV-E70 4Y;70;70;28000;93;6600;-;
42616-2110097-00;52.54240424;13.41196188;SEM*SX7-041409-003*ESSLINGEN* NAV-E250*LUME*SKL2;Esslingen-Kandelaber;Nein;28.07.1994;NAV-E250*SUPER 4Y;250;281;48000;-;31600;-;8.15
;;;SEM*SX7-041409-005*ESSLINGEN* NAV-E70*SKL2;Esslingen-Kandelaber;Nein;28.07.1994;NAV-E70 4Y;70;70;28000;93;6600;-;
42616-2110098-00;52.54251602;13.41252937;SEM*SX7-041409-003*ESSLINGEN* NAV-E250*LUME*SKL2;Esslingen-Kandelaber;Nein;11.03.2013;NAV-E250*SUPER 4Y;250;281;48000;-;31600;-;8.15
;;;SEM*SX7-041409-005*ESSLINGEN* NAV-E70*SKL2;Esslingen-Kandelaber;Nein;10.06.1993;NAV-E70 4Y;70;70;28000;93;6600;-;
42616-2110099-00;52.54222462;13.41194518;SEM*SX7-041409-003*ESSLINGEN* NAV-E250*LUME*SKL2;Esslingen-Kandelaber;Nein;28.07.1994;NAV-E250*SUPER 4Y;250;281;48000;-;31600;-;8.15
;;;SEM*SX7-041409-005*ESSLINGEN* NAV-E70*SKL2;Esslingen-Kandelaber;Nein;28.07.1994;NAV-E70 4Y;70;70;28000;93;6600;-;
42616-2110100-00;52.5422707;13.41251256;SEM*SX7-041409-003*ESSLINGEN* NAV-E250*LUME*SKL2;Esslingen-Kandelaber;Nein;10.06.1993;NAV-E250*SUPER 4Y;250;281;48000;-;31600;-;8.15
;;;SEM*SX7-041409-005*ESSLINGEN* NAV-E70*SKL2;Esslingen-Kandelaber;Nein;10.06.1993;NAV-E70 4Y;70;70;28000;93;6600;-;
42616-2110101-00;52.54196197;13.41206771;SEM*SX7-041409-003*ESSLINGEN* NAV-E250*LUME*SKL2;Esslingen-Kandelaber;Nein;28.07.1994;NAV-E250*SUPER 4Y;250;281;48000;-;31600;-;8.15
;;;SEM*SX7-041409-005*ESSLINGEN* NAV-E70*SKL2;Esslingen-Kandelaber;Nein;28.07.1994;NAV-E70 4Y;70;70;28000;93;6600;-;
42616-2110102-00;52.54199785;13.41248711;SEM*SX7-041409-003*ESSLINGEN* NAV-E250*LUME*SKL2;Esslingen-Kandelaber;Nein;10.06.1993;NAV-E250*SUPER 4Y;250;281;48000;-;31600;-;8.15
;;;SEM*SX7-041409-005*ESSLINGEN* NAV-E70*SKL2;Esslingen-Kandelaber;Nein;10.06.1993;NAV-E70 4Y;70;70;28000;93;6600;-;
42616-2110103-00;52.54169294;13.412108;SEM*SX7-041409-003*ESSLINGEN* NAV-E250*LUME*SKL2;Esslingen-Kandelaber;Nein;28.07.1994;NAV-E250*SUPER 4Y;250;281;48000;-;31600;-;8.15
;;;SEM*SX7-041409-005*ESSLINGEN* NAV-E70*SKL2;Esslingen-Kandelaber;Nein;28.07.1994;NAV-E70 4Y;70;70;28000;93;6600;-;
42616-2110104-00;52.54173048;13.41246636;SEM*SX7-041409-003*ESSLINGEN* NAV-E250*LUME*SKL2;Esslingen-Kandelaber;Nein;10.06.1993;NAV-E250*SUPER 4Y;250;281;48000;-;31600;-;8.15
;;;SEM*SX7-041409-005*ESSLINGEN* NAV-E70*SKL2;Esslingen-Kandelaber;Nein;10.06.1993;NAV-E70 4Y;70;70;28000;93;6600;-;
42616-2110105-00;52.54147799;13.41188446;SEM*SX7-041409-003*ESSLINGEN* NAV-E250*LUME*SKL2;Esslingen-Kandelaber;Nein;28.07.1994;NAV-E250*SUPER 4Y;250;281;48000;-;31600;-;8.15
;;;SEM*SX7-041409-005*ESSLINGEN* NAV-E70*SKL2;Esslingen-Kandelaber;Nein;28.07.1994;NAV-E70 4Y;70;70;28000;93;6600;-;
42616-2110106-00;52.54150335;13.41244513;SEM*SX7-041409-003*ESSLINGEN* NAV-E250*LUME*SKL2;Esslingen-Kandelaber;Nein;10.06.1993;NAV-E250*SUPER 4Y;250;281;48000;-;31600;-;8.15
;;;SEM*SX7-041409-005*ESSLINGEN* NAV-E70*SKL2;Esslingen-Kandelaber;Nein;10.06.1993;NAV-E70 4Y;70;70;28000;93;6600;-;
42616-2110107-00;52.54123983;13.41187166;SEM*SX7-041409-003*ESSLINGEN* NAV-E250*LUME*SKL2;Esslingen-Kandelaber;Nein;12.09.1994;NAV-E250*SUPER 4Y;250;281;48000;-;31600;-;8.15
;;;SEM*SX7-041409-005*ESSLINGEN* NAV-E70*SKL2;Esslingen-Kandelaber;Nein;12.09.1994;NAV-E70 4Y;70;70;28000;93;6600;-;
42616-2110108-00;52.54127523;13.41243874;SEM*SX7-041409-003*ESSLINGEN* NAV-E250*LUME*SKL2;Esslingen-Kandelaber;Nein;10.06.1993;NAV-E250*SUPER 4Y;250;281;48000;-;31600;-;8.15
;;;SEM*SX7-041409-005*ESSLINGEN* NAV-E70*SKL2;Esslingen-Kandelaber;Nein;10.06.1993;NAV-E70 4Y;70;70;28000;93;6600;-;
42616-2110109-00;52.54093917;13.41188277;A&G*CLASSICA*1800*NAV-T150* LUME*SKL2;A&G Classica;Ja;01.06.2009;NAV-T150*SUPER*4Y;150;168;32000;115;17500;A+;10
42616-2110110-00;52.5408685;13.41244503;A&G*CLASSICA*1800*NAV-T150* LUME*SKL2;A&G Classica;Ja;01.06.2009;NAV-T150*SUPER*4Y;150;168;32000;115;17500;A+;10
42616-2110111-00;52.54068518;13.41205454;A&G*CLASSICA*1800.095*NAV-T250 *LUME*SKL2;A&G Classica;Ja;08.09.1998;NAV-T250*SUPER 4Y;250;281;32000;130;33200;A+;10
42616-2110112-00;52.54060991;13.41244586;A&G*CLASSICA*1800.095*NAV-T250 *LUME*SKL2;A&G Classica;Ja;04.12.1997;NAV-T250*SUPER 4Y;250;281;32000;130;33200;A+;10
42616-2110113-00;52.54044512;13.4118893;A&G*CLASSICA*1800.095*NAV-T250 *LUME*SKL2;A&G Classica;Ja;16.06.1998;NAV-T150*SUPER*4Y;150;168;32000;115;17500;A+;10
42616-2110114-00;52.54040478;13.41245435;A&G*CLASSICA*1800.095*NAV-T250 *LUME*SKL2;A&G Classica;Ja;04.12.1997;NAV-T250*SUPER 4Y;250;281;32000;130;33200;A+;10
42616-2110115-00;52.54025948;13.41189178;SIE*SR100*NAV-T250*LU*SKL2;SITECO Mastleuchte SR 100;Ja;01.06.2009;NAV-T250*SUPER 4Y;250;281;32000;130;33200;A+;10
42616-2110116-00;52.54018523;13.41244901;A&G*CLASSICA*1800.095*NAV-T250 *LUME*SKL2;A&G Classica;Ja;04.12.1997;NAV-T250*SUPER 4Y;250;281;32000;130;33200;A+;10
42616-2110117-00;52.54014237;13.41171805;PHI*SGS203T-100IC-Q*NAV-T100*KOPM.;Philipps Straßenleuchte SGS 203;Ja;08.09.1998;NAV-T100*SUPER 4Y;100;110;32000;-;12000;A+;6
42616-2110118-00;52.5399153;13.4124592;A&G*CLASSICA*1800.095*NAV-T250 *LUME*SKL2;A&G Classica;Ja;04.12.1997;NAV-T250*SUPER 4Y;250;281;32000;130;33200;A+;10
42616-2110119-00;52.54005435;13.41190682;A&G*CLASSICA*1800.095*NAV-T250 *LUME*SKL2;A&G Classica;Ja;29.04.1997;NAV-T250*SUPER 4Y;250;281;32000;130;33200;A+;10
42616-2110120-00;52.53967558;13.41246212;A&G*CLASSICA*1800.095*NAV-T250 *LUME*SKL2;A&G Classica;Ja;04.12.1997;NAV-T250*SUPER 4Y;250;281;32000;130;33200;A+;10
42616-2110121-00;52.53975248;13.41193443;A&G*CLASSICA*1800.095*NAV-T250 *LUME*SKL2;A&G Classica;Ja;29.04.1997;NAV-T250*SUPER 4Y;250;281;32000;130;33200;A+;10
42616-2110122-00;52.53945944;13.41242145;A&G*CLASSICA*1800.095*NAV-T250 *LUME*SKL2;A&G Classica;Ja;04.12.1997;NAV-T250*SUPER 4Y;250;281;32000;130;33200;A+;10
42616-2110123-00;52.53948981;13.41191929;A&G*CLASSICA*1800.095*NAV-T250 *LUME*SKL2;A&G Classica;Ja;29.04.1997;NAV-T250*SUPER 4Y;250;281;32000;130;33200;A+;10
42616-2110124-00;52.53926168;13.41242517;A&G*CLASSICA*1800.095*NAV-T250 *LUME*SKL2;A&G Classica;Ja;04.12.1997;NAV-T250*SUPER 4Y;250;281;32000;130;33200;A+;10
42616-2110125-00;52.53921124;13.41191897;A&G*CLASSICA*1800.095*NAV-T250 *LUME*SKL2;A&G Classica;Ja;29.04.1997;NAV-T250*SUPER 4Y;250;281;32000;130;33200;A+;10
42616-2110126-00;52.539006;13.41242993;A&G*CLASSICA*1800.095*NAV-T250 *LUME*SKL2;A&G Classica;Ja;04.12.1997;NAV-T250*SUPER 4Y;250;281;32000;130;33200;A+;10
42616-2110127-00;52.53897336;13.41192397;A&G*CLASSICA*1800.095*NAV-T250 *LUME*SKL2;A&G Classica;Ja;29.04.1997;NAV-T250*SUPER 4Y;250;281;32000;130;33200;A+;10
42616-2110128-00;52.53872323;13.4124307;A&G*CLASSICA*1800.095*NAV-T250 *LUME*SKL2;A&G Classica;Ja;04.12.1997;NAV-T250*SUPER 4Y;250;281;32000;130;33200;A+;10
42616-2110129-00;52.53871712;13.41192574;A&G*CLASSICA*1800.095*NAV-T250 *LUME*SKL2;A&G Classica;Ja;29.04.1997;NAV-T250*SUPER 4Y;250;281;32000;130;33200;A+;10
42616-2110130-00;52.53848443;13.41243866;A&G*CLASSICA*1800.095*NAV-T250 *LUME*SKL2;A&G Classica;Ja;04.12.1997;NAV-T250*SUPER 4Y;250;281;32000;130;33200;A+;10
42616-2110131-00;52.53848208;13.41193538;A&G*CLASSICA*1800.095*NAV-T250 *LUME*SKL2;A&G Classica;Ja;29.04.1997;NAV-T250*SUPER 4Y;250;281;32000;130;33200;A+;10
42616-2110132-00;52.53817911;13.41243318;A&G*CLASSICA*1800.095*NAV-T250 *LUME*SKL2;A&G Classica;Ja;04.12.1997;NAV-T250*SUPER 4Y;250;281;32000;130;33200;A+;10
42616-2110133-00;52.5382673;13.41193994;A&G*CLASSICA*1800.095*NAV-T250 *LUME*SKL2;A&G Classica;Ja;29.04.1997;NAV-T250*SUPER 4Y;250;281;32000;130;33200;A+;10
42616-2110134-00;52.53784977;13.41251595;A&G*CLASSICA*1800.095*NAV-T250 *LUME*SKL2;A&G Classica;Ja;04.12.1997;NAV-T250*SUPER 4Y;250;281;32000;130;33200;A+;10
42616-2110135-00;52.53804601;13.41194005;A&G*CLASSICA*1800.095*NAV-T250 *LUME*SKL2;A&G Classica;Ja;03.12.1996;NAV-T250*SUPER 4Y;250;281;32000;130;33200;A+;10
42616-2110136-00;52.53758781;13.4124976;A&G*CLASSICA*1800.095*NAV-T250 *LUME*SKL2;A&G Classica;Ja;04.12.1997;NAV-T250*SUPER 4Y;250;281;32000;130;33200;A+;10
42616-2110137-00;52.5377485;13.41197997;A&G*CLASSICA*1800.095*NAV-T250 *LUME*SKL2;A&G Classica;Ja;03.12.1996;NAV-T250*SUPER 4Y;250;281;32000;130;33200;A+;10
42616-2110138-00;52.53729965;13.41252458;A&G*CLASSICA*1800.095*NAV-T250 *LUME*SKL2;A&G Classica;Ja;04.12.1997;NAV-T250*SUPER 4Y;250;281;32000;130;33200;A+;10
42616-2110139-00;52.53745184;13.41203181;A&G*CLASSICA*1800.095*NAV-T250 *LUME*SKL2;A&G Classica;Ja;29.04.1997;NAV-T250*SUPER 4Y;250;281;32000;130;33200;A+;10
42616-2110140-00;52.53707905;13.4125439;A&G*CLASSICA*1800.095*NAV-T250 *LUME*SKL2;A&G Classica;Ja;04.12.1997;NAV-T250*SUPER 4Y;250;281;32000;130;33200;A+;10
42616-2110141-00;52.53718992;13.41205773;A&G*CLASSICA*1800.095*NAV-T250 *LUME*SKL2;A&G Classica;Ja;29.04.1997;NAV-T250*SUPER 4Y;250;281;32000;130;33200;A+;10
42616-2110142-00;52.53676486;13.41257165;A&G*CLASSICA*1800.095*NAV-T250 *LUME*SKL2;A&G Classica;Ja;04.12.1997;NAV-T250*SUPER 4Y;250;281;32000;130;33200;A+;10
42616-2110143-00;52.53692878;13.41207551;A&G*CLASSICA*1800.095*NAV-T250 *LUME*SKL2;A&G Classica;Ja;29.04.1997;NAV-T250*SUPER 4Y;250;281;32000;130;33200;A+;10
42616-2110144-00;52.53651876;13.41259553;A&G*CLASSICA*1800.095*NAV-T250 *LUME*SKL2;A&G Classica;Ja;04.12.1997;NAV-T250*SUPER 4Y;250;281;32000;130;33200;A+;10
42616-2110145-00;52.5366917;13.41210027;A&G*CLASSICA*1800.095*NAV-T250 *LUME*SKL2;A&G Classica;Ja;29.04.1997;NAV-T250*SUPER 4Y;250;281;32000;130;33200;A+;10
42616-2110146-00;52.53623114;13.41261089;A&G*CLASSICA*1800.095*NAV-T250 *LUME*SKL2;A&G Classica;Ja;04.12.1997;NAV-T250*SUPER 4Y;250;281;32000;130;33200;A+;10
42616-2110147-00;52.53640994;13.41212668;A&G*CLASSICA*1800.095*NAV-T250 *LUME*SKL2;A&G Classica;Ja;29.04.1997;NAV-T250*SUPER 4Y;250;281;32000;130;33200;A+;10
42616-2110148-00;52.53597;13.41260901;A&G*CLASSICA*1800.095*NAV-T250 *LUME*SKL2;A&G Classica;Ja;04.12.1997;NAV-T250*SUPER 4Y;250;281;32000;130;33200;A+;10
42616-2110149-00;52.536169;13.41214551;A&G*CLASSICA*1800.095*NAV-T250 *LUME*SKL2;A&G Classica;Ja;29.04.1997;NAV-T250*SUPER 4Y;250;281;32000;130;33200;A+;10
42616-2110150-00;52.53569483;13.41262906;A&G*CLASSICA*1800.095*NAV-T250 *LUME*SKL2;A&G Classica;Ja;04.12.1997;NAV-T250*SUPER 4Y;250;281;32000;130;33200;A+;10
42616-2110151-00;52.53595238;13.41218544;A&G*CLASSICA*1800.095*NAV-T250 *LUME*SKL2;A&G Classica;Ja;29.12.2006;NAV-T250*SUPER 4Y;250;281;32000;130;33200;A+;10
42616-2110152-00;52.53539574;13.41264964;A&G*CLASSICA*1800.095*NAV-T250 *LUME*SKL2;A&G Classica;Ja;04.12.1997;NAV-T250*SUPER 4Y;250;281;32000;130;33200;A+;10
42616-2110153-00;52.53570661;13.41219288;A&G*CLASSICA*1800.095*NAV-T250 *LUME*SKL2;A&G Classica;Ja;03.12.1996;NAV-T250*SUPER 4Y;250;281;32000;130;33200;A+;10
42616-2110154-00;52.53517105;13.41269356;A&G*CLASSICA*1800.095*NAV-T250 *LUME*SKL2;A&G Classica;Ja;04.12.1997;NAV-T250*SUPER 4Y;250;281;32000;130;33200;A+;10
42616-2110155-00;52.53544445;13.41224202;A&G*CLASSICA*1800.095*NAV-T250 *LUME*SKL2;A&G Classica;Ja;03.12.1996;NAV-T250*SUPER 4Y;250;281;32000;130;33200;A+;10
42616-2110156-00;52.53492312;13.41274355;A&G*CLASSICA*1800.095*NAV-T250 *LUME*SKL2;A&G Classica;Ja;04.12.1997;NAV-T250*SUPER 4Y;250;281;32000;130;33200;A+;10
42616-2110157-00;52.53524255;13.41228447;A&G*CLASSICA*1800.095*NAV-T250 *LUME*SKL2;A&G Classica;Ja;03.12.1996;NAV-T250*SUPER 4Y;250;281;32000;130;33200;A+;10
42616-2110158-00;52.53465721;13.41279985;A&G*CLASSICA*1800.095*NAV-T250 *LUME*SKL2;A&G Classica;Ja;04.12.1997;NAV-T250*SUPER 4Y;250;281;32000;130;33200;A+;10
42616-2110159-00;52.53499614;13.41234219;A&G*CLASSICA*1800.095*NAV-T250 *LUME*SKL2;A&G Classica;Ja;03.12.1996;NAV-T250*SUPER 4Y;250;281;32000;130;33200;A+;10
42616-2110160-00;52.53438763;13.41287743;A&G*CLASSICA*1800.095*NAV-T250 *LUME*SKL2;A&G Classica;Ja;04.12.1997;NAV-T250*SUPER 4Y;250;281;32000;130;33200;A+;10
42616-2110161-00;52.53476002;13.41238773;A&G*CLASSICA*1800.095*NAV-T250 *LUME*SKL2;A&G Classica;Ja;15.11.2004;NAV-T250*SUPER 4Y;250;281;32000;130;33200;A+;10
42616-2110162-00;52.53410153;13.41293815;A&G*CLASSICA*1800.095*NAV-T250 *LUME*SKL2;A&G Classica;Ja;04.12.1997;NAV-T250*SUPER 4Y;250;281;32000;130;33200;A+;10
42616-2110163-00;52.53451794;13.41243886;A&G*CLASSICA*1800.095*NAV-T250 *LUME*SKL2;A&G Classica;Ja;03.12.1996;NAV-T250*SUPER 4Y;250;281;32000;130;33200;A+;10
42616-2110164-00;52.53384111;13.4129948;A&G*CLASSICA*1800.095*NAV-T250 *LUME*SKL2;A&G Classica;Ja;04.12.1997;NAV-T250*SUPER 4Y;250;281;32000;130;33200;A+;10
42616-2110165-00;52.53426621;13.41249177;A&G*CLASSICA*1800.095*NAV-T250 *LUME*SKL2;A&G Classica;Ja;03.12.1996;NAV-T250*SUPER 4Y;250;281;32000;130;33200;A+;10
42616-2110166-00;52.53356202;13.41305739;A&G*CLASSICA*1800.095*NAV-T250 *LUME*SKL2;A&G Classica;Ja;04.12.1997;NAV-T250*SUPER 4Y;250;281;32000;130;33200;A+;10
42616-2110167-00;52.53399221;13.41254827;A&G*CLASSICA*1800.095*NAV-T250 *LUME*SKL2;A&G Classica;Ja;03.12.1996;NAV-T250*SUPER 4Y;250;281;32000;130;33200;A+;10
42616-2110168-00;52.53326961;13.41305514;A&G*CLASSICA*1800.095*NAV-T250 *LUME*SKL2;A&G Classica;Ja;04.12.1997;NAV-T250*SUPER 4Y;250;281;32000;130;33200;A+;10
42616-2110169-00;52.53375331;13.41259839;A&G*CLASSICA*1800.095*NAV-T250 *LUME*SKL2;A&G Classica;Ja;03.12.1996;NAV-T250*SUPER 4Y;250;281;32000;130;33200;A+;10
42616-2110170-00;52.53298727;13.41296346;A&G*CLASSICA*1800.095*NAV-T250 *LUME*SKL2;A&G Classica;Ja;04.12.1997;NAV-T250*SUPER 4Y;250;281;32000;130;33200;A+;10
42616-2110171-00;52.5335255;13.41264826;A&G*CLASSICA*1800.095*NAV-T250 *LUME*SKL2;A&G Classica;Ja;03.12.1996;NAV-T250*SUPER 4Y;250;281;32000;130;33200;A+;10
42616-2110172-00;52.53274696;13.41288079;A&G*CLASSICA*1800.095*NAV-T250 *LUME*SKL2;A&G Classica;Ja;02.09.2003;NAV-T150*SUPER*4Y;150;168;32000;115;17500;A+;10
42616-2110173-00;52.53332692;13.41258756;A&G*CLASSICA*1800.095*NAV-T250 *LUME*SKL2;A&G Classica;Ja;03.12.1996;NAV-T250*SUPER 4Y;250;281;32000;130;33200;A+;10
42616-2110174-00;52.53237717;13.41273705;A&G*CLASSICA*1800.095*NAV-T250 *LUME*SKL2;A&G Classica;Ja;15.04.1997;NAV-T250*SUPER 4Y;250;281;32000;130;33200;A+;10
42616-2110175-00;52.53306101;13.41250026;A&G*CLASSICA*1800.095*NAV-T250 *LUME*SKL2;A&G Classica;Ja;03.12.1996;NAV-T250*SUPER 4Y;250;281;32000;130;33200;A+;10
42616-2110177-00;52.53282623;13.41241376;A&G*CLASSICA*1800.095*NAV-T250 *LUME*SKL2;A&G Classica;Ja;03.12.1996;NAV-T250*SUPER 4Y;250;281;32000;130;33200;A+;10
42616-2110179-00;52.53257529;13.41234741;A&G*CLASSICA*1800.095*NAV-T250 *LUME*SKL2;A&G Classica;Ja;04.12.1997;NAV-T250*SUPER 4Y;250;281;32000;130;33200;A+;10
42616-2110200-00;52.53252844;13.4123061;SEM*SX7-041409-003*ESSLINGEN* NAV-E250*LUME*SKL2;Esslingen-Kandelaber;Nein;02.06.2003;NAV-E250*SUPER 4Y;250;281;48000;-;31600;A+;9.1
;;;SEM*SX7-041409-005*ESSLINGEN* NAV-E70*SKL2;Esslingen-Kandelaber;Nein;02.06.2003;NAV-E70 4Y;70;70;28000;93;6600;-;
42616-2110201-00;52.53246754;13.41279453;SEM*SX7-041409-003*ESSLINGEN* NAV-E250*LUME*SKL2;Esslingen-Kandelaber;Nein;02.06.2003;NAV-E250*SUPER 4Y;250;281;48000;-;31600;A+;9.1
;;;SEM*SX7-041409-005*ESSLINGEN* NAV-E70*SKL2;Esslingen-Kandelaber;Nein;02.06.2003;NAV-E70 4Y;70;70;28000;93;6600;-;
42616-2110202-00;52.53231488;13.41223346;SEM*SX7-041409-003*ESSLINGEN* NAV-E250*LUME*SKL2;Esslingen-Kandelaber;Nein;02.06.2003;NAV-E250*SUPER 4Y;250;281;48000;-;31600;A+;9.1
;;;SEM*SX7-041409-005*ESSLINGEN* NAV-E70*SKL2;Esslingen-Kandelaber;Nein;02.06.2003;NAV-E70 4Y;70;70;28000;93;6600;-;
42616-2110203-00;52.53224941;13.4126777;SEM*SX7-041409-003*ESSLINGEN* NAV-E250*LUME*SKL2;Esslingen-Kandelaber;Nein;02.06.2003;NAV-E250*SUPER 4Y;250;281;48000;-;31600;A+;9.1
;;;SEM*SX7-041409-003*ESSLINGEN* NAV-E250*LUME*SKL2;Esslingen-Kandelaber;Nein;02.06.2003;NAV-T70*SUPER 4Y;70;79;28000;93;6600;A+;
42616-2110204-00;52.53208337;13.41217933;SEM*SX7-041409-003*ESSLINGEN* NAV-E250*LUME*SKL2;Esslingen-Kandelaber;Nein;02.06.2003;NAV-E250*SUPER 4Y;250;281;48000;-;31600;A+;9.1
;;;SEM*SX7-041409-005*ESSLINGEN* NAV-E70*SKL2;Esslingen-Kandelaber;Nein;02.06.2003;NAV-E70 4Y;70;70;28000;93;6600;-;
42616-2110205-00;52.53207854;13.41261222;SEM*SX7-041409-003*ESSLINGEN* NAV-E250*LUME*SKL2;Esslingen-Kandelaber;Nein;02.06.2003;NAV-E250*SUPER 4Y;250;281;48000;-;31600;A+;9.1
;;;SEM*SX7-041409-003*ESSLINGEN* NAV-E250*LUME*SKL2;Esslingen-Kandelaber;Nein;02.06.2003;NAV-T70*SUPER 4Y;70;79;28000;93;6600;A+;
42616-2110206-00;;;SEM*SX7-041409-003*ESSLINGEN* NAV-E250*LUME*SKL2;Esslingen-Kandelaber;Nein;02.06.2003;NAV-E250*SUPER 4Y;250;281;48000;-;31600;A+;9.1
;;;SEM*SX7-041409-005*ESSLINGEN* NAV-E70*SKL2;Esslingen-Kandelaber;Nein;02.06.2003;NAV-E70 4Y;70;70;28000;93;6600;-;
42616-2110207-00;52.53184255;13.41255811;SEM*SX7-041409-003*ESSLINGEN* NAV-E250*LUME*SKL2;Esslingen-Kandelaber;Nein;02.06.2003;NAV-E250*SUPER 4Y;250;281;48000;-;31600;A+;9.1
;;;SEM*SX7-041409-003*ESSLINGEN* NAV-E250*LUME*SKL2;Esslingen-Kandelaber;Nein;02.06.2003;NAV-T70*SUPER 4Y;70;79;28000;93;6600;A+;
42616-2110208-00;52.5318912;13.41213053;SEM*SX7-041409-003*ESSLINGEN* NAV-E250*LUME*SKL2;Esslingen-Kandelaber;Nein;02.06.2003;NAV-E250*SUPER 4Y;250;281;48000;-;31600;A+;9.1
;;;SEM*SX7-041409-005*ESSLINGEN* NAV-E70*SKL2;Esslingen-Kandelaber;Nein;02.06.2003;NAV-E70 4Y;70;70;28000;93;6600;-;
42616-2110209-00;52.5316852;13.41251467;SEM*SX7-041409-003*ESSLINGEN* NAV-E250*LUME*SKL2;Esslingen-Kandelaber;Nein;02.06.2003;NAV-E250*SUPER 4Y;250;281;48000;-;31600;A+;9.1
;;;SEM*SX7-041409-003*ESSLINGEN* NAV-E250*LUME*SKL2;Esslingen-Kandelaber;Nein;02.06.2003;NAV-T70*SUPER 4Y;70;79;28000;93;6600;A+;
42616-2110210-00;52.53173163;13.41209816;SEM*SX7-041409-003*ESSLINGEN* NAV-E250*LUME*SKL2;Esslingen-Kandelaber;Nein;02.06.2003;NAV-E250*SUPER 4Y;250;281;48000;-;31600;A+;9.1
;;;SEM*SX7-041409-005*ESSLINGEN* NAV-E70*SKL2;Esslingen-Kandelaber;Nein;02.06.2003;NAV-E70 4Y;70;70;28000;93;6600;-;
42616-2110211-00;52.53148514;13.41245302;SEM*SX7-041409-003*ESSLINGEN* NAV-E250*LUME*SKL2;Esslingen-Kandelaber;Nein;02.06.2003;NAV-E250*SUPER 4Y;250;281;48000;-;31600;A+;9.1
;;;SEM*SX7-041409-003*ESSLINGEN* NAV-E250*LUME*SKL2;Esslingen-Kandelaber;Nein;02.06.2003;NAV-T70*SUPER 4Y;70;79;28000;93;6600;A+;
42616-2110212-00;52.53158999;13.41204359;SEM*SX7-041409-003*ESSLINGEN* NAV-E250*LUME*SKL2;Esslingen-Kandelaber;Nein;02.06.2003;NAV-E250*SUPER 4Y;250;281;48000;-;31600;A+;9.1
;;;SEM*SX7-041409-005*ESSLINGEN* NAV-E70*SKL2;Esslingen-Kandelaber;Nein;02.06.2003;NAV-E70 4Y;70;70;28000;93;6600;-;
42616-2110213-00;52.53125812;13.4123915;SEM*SX7-041409-003*ESSLINGEN* NAV-E250*LUME*SKL2;Esslingen-Kandelaber;Nein;02.06.2003;NAV-E250*SUPER 4Y;250;281;48000;-;31600;A+;9.1
;;;SEM*SX7-041409-005*ESSLINGEN* NAV-E70*SKL2;Esslingen-Kandelaber;Nein;02.06.2003;NAV-E70 4Y;70;70;28000;93;6600;-;
42616-2110214-00;52.53134708;13.41189373;SEM*SX7-041409-003*ESSLINGEN* NAV-E250*LUME*SKL2;Esslingen-Kandelaber;Nein;02.06.2003;NAV-E250*SUPER 4Y;250;281;48000;-;31600;A+;9.1
;;;SEM*SX7-041409-005*ESSLINGEN* NAV-E70*SKL2;Esslingen-Kandelaber;Nein;02.06.2003;NAV-E70 4Y;70;70;28000;93;6600;-;
42616-2110215-00;52.53103289;13.41208315;SEM*SX7-041409-003*ESSLINGEN* NAV-E250*LUME*SKL2;Esslingen-Kandelaber;Nein;02.06.2003;NAV-E250*SUPER 4Y;250;281;48000;-;31600;A+;9.1
;;;SEM*SX7-041409-005*ESSLINGEN* NAV-E70*SKL2;Esslingen-Kandelaber;Nein;02.06.2003;NAV-E70 4Y;70;70;28000;93;6600;-;
42616-2110216-00;52.53117816;13.41166247;SEM*SX7-041409-003*ESSLINGEN* NAV-E250*LUME*SKL2;Esslingen-Kandelaber;Nein;02.06.2003;NAV-E250*SUPER 4Y;250;281;48000;-;31600;A+;9.1
;;;SEM*SX7-041409-005*ESSLINGEN* NAV-E70*SKL2;Esslingen-Kandelaber;Nein;02.06.2003;NAV-E70 4Y;70;70;28000;93;6600;-;
42616-2110217-00;52.53089547;13.41187752;SEM*SX7-041409-003*ESSLINGEN* NAV-E250*LUME*SKL2;Esslingen-Kandelaber;Nein;02.06.2003;NAV-E250*SUPER 4Y;250;281;48000;-;31600;A+;9.1
;;;SEM*SX7-041409-005*ESSLINGEN* NAV-E70*SKL2;Esslingen-Kandelaber;Nein;02.06.2003;NAV-E70 4Y;70;70;28000;93;6600;-;
42616-2110218-00;52.53100475;13.41143123;SEM*SX7-041409-003*ESSLINGEN* NAV-E250*LUME*SKL2;Esslingen-Kandelaber;Nein;02.06.2003;NAV-E250*SUPER 4Y;250;281;48000;-;31600;A+;9.1
;;;SEM*SX7-041409-005*ESSLINGEN* NAV-E70*SKL2;Esslingen-Kandelaber;Nein;02.06.2003;NAV-E70 4Y;70;70;28000;93;6600;-;
42616-2110219-00;52.53074454;13.41164986;SEM*SX7-041409-003*ESSLINGEN* NAV-E250*LUME*SKL2;Esslingen-Kandelaber;Nein;02.06.2003;NAV-E250*SUPER 4Y;250;281;48000;-;31600;A+;9.1
;;;SEM*SX7-041409-005*ESSLINGEN* NAV-E70*SKL2;Esslingen-Kandelaber;Nein;02.06.2003;NAV-E70 4Y;70;70;28000;93;6600;-;
42616-2110220-00;52.53085158;13.41121463;SEM*SX7-041409-003*ESSLINGEN* NAV-E250*LUME*SKL2;Esslingen-Kandelaber;Nein;02.06.2003;NAV-E250*SUPER 4Y;250;281;48000;-;31600;A+;9.1
;;;SEM*SX7-041409-005*ESSLINGEN* NAV-E70*SKL2;Esslingen-Kandelaber;Nein;02.06.2003;NAV-E70 4Y;70;70;28000;93;6600;-;
42616-2110221-00;52.53060262;13.41144425;SEM*SX7-041409-003*ESSLINGEN* NAV-E250*LUME*SKL2;Esslingen-Kandelaber;Nein;02.06.2003;NAV-T70*SUPER 4Y;70;79;28000;93;6600;A+;9.1
;;;SEM*SX7-041409-005*ESSLINGEN* NAV-E70*SKL2;Esslingen-Kandelaber;Nein;02.06.2003;NAV-E70 4Y;70;70;28000;93;6600;-;
42616-2110222-00;52.53070073;13.41103854;SEM*SX7-041409-003*ESSLINGEN* NAV-E250*LUME*SKL2;Esslingen-Kandelaber;Nein;02.06.2003;NAV-E250*SUPER 4Y;250;281;48000;-;31600;A+;9.1
;;;SEM*SX7-041409-005*ESSLINGEN* NAV-E70*SKL2;Esslingen-Kandelaber;Nein;02.06.2003;NAV-E70 4Y;70;70;28000;93;6600;-;
42616-2110223-00;52.53047422;13.411257;SEM*SX7-041409-003*ESSLINGEN* NAV-E250*LUME*SKL2;Esslingen-Kandelaber;Nein;02.06.2003;NAV-E250*SUPER 4Y;250;281;48000;-;31600;A+;9.1
;;;SEM*SX7-041409-005*ESSLINGEN* NAV-E70*SKL2;Esslingen-Kandelaber;Nein;02.06.2003;NAV-E70 4Y;70;70;28000;93;6600;-;
42616-2110224-00;52.53052956;13.41080361;SEM*SX7-041409-003*ESSLINGEN* NAV-E250*LUME*SKL2;Esslingen-Kandelaber;Nein;02.06.2003;NAV-E250*SUPER 4Y;250;281;48000;-;31600;A+;9.1
;;;SEM*SX7-041409-005*ESSLINGEN* NAV-E70*SKL2;Esslingen-Kandelaber;Nein;02.06.2003;NAV-E70 4Y;70;70;28000;93;6600;-;
42616-2110225-00;52.53026019;13.4109265;SEM*SX7-041409-003*ESSLINGEN* NAV-E250*LUME*SKL2;Esslingen-Kandelaber;Nein;02.06.2003;NAV-E250*SUPER 4Y;250;281;48000;-;31600;A+;9.1
;;;SEM*SX7-041409-005*ESSLINGEN* NAV-E70*SKL2;Esslingen-Kandelaber;Nein;02.06.2003;NAV-E70 4Y;70;70;28000;93;6600;-;
42616-2110226-00;52.53044622;13.41068614;SEM*SX7-041409-003*ESSLINGEN* NAV-E250*LUME*SKL2;Esslingen-Kandelaber;Nein;02.06.2003;NAV-E250*SUPER 4Y;250;281;48000;-;31600;A+;9.1
;;;SEM*SX7-041409-005*ESSLINGEN* NAV-E70*SKL2;Esslingen-Kandelaber;Nein;02.06.2003;NAV-E70 4Y;70;70;28000;93;6600;-;
42616-2110227-00;52.53012961;13.41077979;SEM*SX7-041409-003*ESSLINGEN* NAV-E250*LUME*SKL2;Esslingen-Kandelaber;Nein;02.06.2003;NAV-E250*SUPER 4Y;250;281;48000;-;31600;A+;9.1
;;;SEM*SX7-041409-005*ESSLINGEN* NAV-E70*SKL2;Esslingen-Kandelaber;Nein;02.06.2003;NAV-E70 4Y;70;70;28000;93;6600;-;
42616-2110228-00;52.53022786;13.41044776;SEM*SX7-041409-003*ESSLINGEN* NAV-E250*LUME*SKL2;Esslingen-Kandelaber;Nein;02.06.2003;NAV-E250*SUPER 4Y;250;281;48000;-;31600;A+;9.1
;;;SEM*SX7-041409-005*ESSLINGEN* NAV-E70*SKL2;Esslingen-Kandelaber;Nein;02.06.2003;NAV-E70 4Y;70;70;28000;93;6600;-;
42616-2110229-00;52.52994723;13.41055597;SEM*SX7-041409-003*ESSLINGEN* NAV-E250*LUME*SKL2;Esslingen-Kandelaber;Nein;02.06.2003;NAV-E250*SUPER 4Y;250;281;48000;-;31600;A+;9.1
;;;SEM*SX7-041409-005*ESSLINGEN* NAV-E70*SKL2;Esslingen-Kandelaber;Nein;02.06.2003;NAV-E70 4Y;70;70;28000;93;6600;-;
42616-2110230-00;52.53001185;13.41026831;SEM*SX7-041409-003*ESSLINGEN* NAV-E250*LUME*SKL2;Esslingen-Kandelaber;Nein;02.06.2003;NAV-E250*SUPER 4Y;250;281;48000;-;31600;A+;9.1
;;;SEM*SX7-041409-005*ESSLINGEN* NAV-E70*SKL2;Esslingen-Kandelaber;Nein;02.06.2003;NAV-E70 4Y;70;70;28000;93;6600;-;
42616-2110231-00;52.52980763;13.41039088;SEM*SX7-041409-003*ESSLINGEN* NAV-E250*LUME*SKL2;Esslingen-Kandelaber;Nein;23.04.2004;NAV-E250*SUPER 4Y;250;281;48000;-;31600;A+;9.3
;;;SEM*SX7-041409-005*ESSLINGEN* NAV-E70*SKL2;Esslingen-Kandelaber;Nein;23.04.2004;NAV-E70 4Y;70;70;28000;93;6600;-;
42616-2110233-00;52.52967713;13.4102847;SEM*SX7-041409-003*ESSLINGEN* NAV-E250*LUME*SKL2;Esslingen-Kandelaber;Nein;23.04.2004;NAV-E250*SUPER 4Y;250;281;48000;-;31600;A+;9.3
;;;SEM*SX7-041409-005*ESSLINGEN* NAV-E70*SKL2;Esslingen-Kandelaber;Nein;23.04.2004;NAV-E70 4Y;70;70;28000;93;6600;-;
42616-2110234-00;52.52964027;13.41000317;SEM*SX7-041409-003*ESSLINGEN* NAV-E250*LUME*SKL2;Esslingen-Kandelaber;Nein;23.04.2004;NAV-E250*SUPER 4Y;250;281;48000;-;31600;A+;9.3
;;;SEM*SX7-041409-005*ESSLINGEN* NAV-E70*SKL2;Esslingen-Kandelaber;Nein;23.04.2004;NAV-E70 4Y;70;70;28000;93;6600;-;
42616-2110235-00;52.52947422;13.4101145;SEM*SX7-041409-003*ESSLINGEN* NAV-E250*LUME*SKL2;Esslingen-Kandelaber;Nein;23.04.2004;NAV-E250*SUPER 4Y;250;281;48000;-;31600;A+;9.3
;;;SEM*SX7-041409-005*ESSLINGEN* NAV-E70*SKL2;Esslingen-Kandelaber;Nein;23.04.2004;NAV-E70 4Y;70;70;28000;93;6600;-;
42616-2110236-00;52.52944675;13.40983835;SEM*SX7-041409-003*ESSLINGEN* NAV-E250*LUME*SKL2;Esslingen-Kandelaber;Nein;23.04.2004;NAV-E250*SUPER 4Y;250;281;48000;-;31600;A+;9.3
;;;SEM*SX7-041409-005*ESSLINGEN* NAV-E70*SKL2;Esslingen-Kandelaber;Nein;23.04.2004;NAV-E70 4Y;70;70;28000;93;6600;-;
42616-2110237-00;52.52930328;13.41000851;SEM*SX7-041409-003*ESSLINGEN* NAV-E250*LUME*SKL2;Esslingen-Kandelaber;Nein;23.04.2004;NAV-E250*SUPER 4Y;250;281;48000;-;31600;A+;9.3
;;;SEM*SX7-041409-005*ESSLINGEN* NAV-E70*SKL2;Esslingen-Kandelaber;Nein;23.04.2004;NAV-E70 4Y;70;70;28000;93;6600;-;
42616-2110238-00;52.5292488;13.40970119;SEM*SX7-041409-003*ESSLINGEN* NAV-E250*LUME*SKL2;Esslingen-Kandelaber;Nein;23.04.2004;NAV-E250*SUPER 4Y;250;281;48000;-;31600;A+;9.3
;;;SEM*SX7-041409-005*ESSLINGEN* NAV-E70*SKL2;Esslingen-Kandelaber;Nein;23.04.2004;NAV-E70 4Y;70;70;28000;93;6600;-;
42616-2110239-00;52.52905933;13.40990473;SEM*SX7-041409-003*ESSLINGEN* NAV-E250*LUME*SKL2;Esslingen-Kandelaber;Nein;23.04.2004;NAV-E250*SUPER 4Y;250;281;48000;-;31600;A+;9.3
;;;SEM*SX7-041409-005*ESSLINGEN* NAV-E70*SKL2;Esslingen-Kandelaber;Nein;23.04.2004;NAV-E70 4Y;70;70;28000;93;6600;-;
42616-2110240-00;52.52902827;13.40950796;SEM*SX7-041409-003*ESSLINGEN* NAV-E250*LUME*SKL2;Esslingen-Kandelaber;Nein;23.04.2004;NAV-E250*SUPER 4Y;250;281;48000;-;31600;A+;9.3
;;;SEM*SX7-041409-005*ESSLINGEN* NAV-E70*SKL2;Esslingen-Kandelaber;Nein;23.04.2004;NAV-E70 4Y;70;70;28000;93;6600;-;
42616-2110241-00;52.52888754;13.4099461;SEM*SX7-041409-003*ESSLINGEN* NAV-E250*LUME*SKL2;Esslingen-Kandelaber;Nein;23.04.2004;NAV-E250*SUPER 4Y;250;281;48000;-;31600;A+;9.3
;;;SEM*SX7-041409-005*ESSLINGEN* NAV-E70*SKL2;Esslingen-Kandelaber;Nein;23.04.2004;NAV-E70 4Y;70;70;28000;93;6600;-;
42616-2110300-00;52.55401733;13.41457965;SEM*SX67006-9*URBI-1*NAV-E100* SKL2;Semperlux Urbi 1;Ja;23.11.1994;NAV-E50 4Y;50;58;28000;77;4000;A;4.2
42616-2110301-00;52.55349126;13.41447325;SEM*SX67006-9*URBI-1*NAV-E100* SKL2;Semperlux Urbi 1;Ja;23.11.1994;NAV-E50 4Y;50;58;28000;77;4000;A;4.2
42616-2110302-00;52.55280363;13.41438627;SEM*SX67006-9*URBI-1*NAV-E100* SKL2;Semperlux Urbi 1;Ja;08.06.1995;NAV-E50 4Y;50;58;28000;77;4000;A;3.5
42616-2110303-00;52.55281242;13.41427565;SEM*SX67006-9*URBI-1*NAV-E100* SKL2;Semperlux Urbi 1;Ja;21.03.1995;NAV-E50 4Y;50;58;28000;77;4000;A;3.5
42616-2110304-00;52.55219455;13.41425285;SEM*SX67006-9*URBI-1*NAV-E100* SKL2;Semperlux Urbi 1;Ja;08.06.1995;NAV-E50 4Y;50;58;28000;77;4000;A;3.5
42616-2110305-00;52.55216066;13.41414612;SEM*SX67006-9*URBI-1*NAV-E100* SKL2;Semperlux Urbi 1;Ja;21.03.1995;NAV-E50 4Y;50;58;28000;77;4000;A;3.5
42616-2110306-00;52.55139226;13.41411667;SEM*SX67006-9*URBI-1*NAV-E100* SKL2;Semperlux Urbi 1;Ja;21.03.1995;NAV-E50 4Y;50;58;28000;77;4000;A;3.5
42616-2110307-00;52.55139654;13.41399871;SEM*SX67006-9*URBI-1*NAV-E100* SKL2;Semperlux Urbi 1;Ja;21.03.1995;NAV-E50 4Y;50;58;28000;77;4000;A;3.5
42616-2110308-00;52.55084392;13.41402719;SEM*SX67006-9*URBI-1*NAV-E100* SKL2;Semperlux Urbi 1;Ja;21.03.1995;NAV-E50 4Y;50;58;28000;77;4000;A;3.5
42616-2110309-00;52.55053804;13.41384071;SEM*SX67220-9V*URBI* NAV-E50/70*SKL2;Semperlux Urbi;Nein;22.04.2005;NAV-E50 4Y;50;58;28000;77;4000;A;3.5
42616-2110310-00;52.5497495;13.41385927;SEM*SX67220-9V*URBI* NAV-E50/70*SKL2;Semperlux Urbi;Nein;21.03.1995;NAV-E50 4Y;50;58;28000;77;4000;A;3.5
42616-2110311-00;52.54976491;13.4136823;SEM*SX67220-9V*URBI* NAV-E50/70*SKL2;Semperlux Urbi;Nein;21.03.1995;NAV-E50 4Y;50;58;28000;77;4000;A;3.5
42616-2110312-00;52.54756946;13.41341286;SEM*SX67006-9*URBI-1*NAV-E100* SKL2;Semperlux Urbi 1;Ja;21.03.1995;NAV-E50 4Y;50;58;28000;77;4000;A;3.5
42616-2110313-00;52.54773122;13.41341576;SEM*SX67006-9*URBI-1*NAV-E100* SKL2;Semperlux Urbi 1;Ja;21.03.1995;NAV-E50 4Y;50;58;28000;77;4000;A;3.5
42616-2110314-00;52.54538925;13.41287437;SEM*SX67006-9*URBI-1*NAV-E100* SKL2;Semperlux Urbi 1;Ja;21.03.1995;NAV-E50 4Y;50;58;28000;77;4000;A;3.5
42616-2110315-00;52.54528787;13.41272009;SEM*SX67006-9*URBI-1*NAV-E100* SKL2;Semperlux Urbi 1;Ja;21.03.1995;NAV-E50 4Y;50;58;28000;77;4000;A;3.5
42616-2110316-00;52.54450565;13.41250648;SEM*SX67006-9*URBI-1*NAV-E100* SKL2;Semperlux Urbi 1;Ja;21.03.1995;NAV-E50 4Y;50;58;28000;77;4000;A;3.5
42616-2110317-00;52.54322014;13.41226955;SEM*SX67006-9*URBI-1*NAV-E100* SKL2;Semperlux Urbi 1;Ja;21.03.1995;NAV-E50 4Y;50;58;28000;77;4000;A;3.5
42616-2110318-00;52.54277739;13.41217959;SEM*SX67006-9*URBI-1*NAV-E100* SKL2;Semperlux Urbi 1;Ja;21.03.1995;NAV-E50 4Y;50;58;28000;77;4000;A;3.5
42616-2110320-00;52.54075556;13.41225763;SEM*SX67006-9*URBI-1*NAV-E100* SKL2;Semperlux Urbi 1;Ja;02.10.1998;NAV-E50 4Y;50;58;28000;77;4000;A;3.5
42616-2110321-00;52.54055303;13.41207439;SEM*SX67006-9*URBI-1*NAV-E100* SKL2;Semperlux Urbi 1;Ja;02.10.1998;NAV-E50 4Y;50;58;28000;77;4000;A;3.5
42616-2110322-00;52.54021396;13.41217185;SEM*SX67006-9*URBI-1*NAV-E100* SKL2;Semperlux Urbi 1;Ja;12.10.1998;NAV-E50 4Y;50;58;28000;77;4000;A;3.5
42616-2110324-00;52.53315954;13.41281142;SEM*SX67006-9*URBI-1*NAV-E100* SKL2;Semperlux Urbi 1;Ja;22.09.1998;NAV-E50 4Y;50;58;28000;77;4000;A;3.5
42616-2110325-00;52.53272791;13.41266248;SEM*SX67006-9*URBI-1*NAV-E100* SKL2;Semperlux Urbi 1;Ja;22.09.1998;NAV-E50 4Y;50;58;28000;77;4000;A;3.5
