LS-Nr.;Hausnr.;lat;lon;number;amount;lamp;name_lamp;picture;installed;bulb;brand;name_bulb;watt;energy_consumption;lifespan;lumen_per_watt;lumen;energy_efficiency;switching;height
42299-2110001-00;1;52.52722984437266;13.416026737997429;1;2.0;SIE*5NA630-1-6TZ*6NAV-E150;Siteco Mastleuchte 5NA 630;Nein;02.11.1993;NAV-T150* 4Y;Osram;Natrium-Dampflampen;150;168;32000;97;14500.0;n. a. ;01 GANZNACHT;15.0
42299-2110002-00;;52.52744390426521;13.416379341231021;1;2.0;LBL*2NA150*EK;Leuchte der Firma Leuchtenbau Leipzig;Ja;01.01.1980;NAV-E150*SUPER 4 Y;Osram;Natrium-Dampflampen;150;168;32000;112;17000.0;A+;01 GANZNACHT;16.0
;;;;2;2.0;LBL*2NA150*EK;Leuchte der Firma Leuchtenbau Leipzig;Ja;01.01.1980;NAV-E150*SUPER 4 Y;Ostram;Natrium-Dampflampen;150;168;32000;112;17000.0;A+;01 GANZNACHT;
42299-2110003-00;1;52.527588369;13.4159312767;1;1.0;A&G*CLASSICA*1800*NAV-T100* LUME*SKL2;A&G Classica;Ja;08.11.1995;NAV-T100*SUPER 4Y;Osram;Natrium-Dampflampen;100;110;32000;n. a. ;10700.0;A+;01 GANZNACHT;9.5
42299-2110004-00;;52.5277297994;13.4166168656;1;1.0;A&G*CLASSICA*1800*NAV-T100* LUME*SKL2;A&G Classica;Ja;08.11.1995;NAV-T100*SUPER 4Y;Osram;Natrium-Dampflampen;100;110;32000;n. a. ;10700.0;A+;01 GANZNACHT;9.5
42299-2110005-00;251A;52.5278783653;13.4161777675;1;1.0;A&G*CLASSICA*1800*NAV-T100* LUME*SKL2;A&G Classica;Ja;08.11.1995;NAV-T100*SUPER 4Y;Osram;Natrium-Dampflampen;100;110;32000;n. a. ;10700.0;A+;01 GANZNACHT;9.5
42299-2110006-00;;52.52795695431569;13.416837345563984;1;1.0;A&G*CLASSICA*1800*NAV-T100* LUME*SKL2;A&G Classica;Ja;08.11.1995;NAV-T100*SUPER 4Y;Osram;Natrium-Dampflampen;100;110;32000;n. a. ;10700.0;A+;01 GANZNACHT;9.5
42299-2110007-00;251;52.5280825991;13.4163518527;1;1.0;A&G*CLASSICA*1800*NAV-T100* LUME*SKL2;A&G Classica;Ja;08.11.1995;NAV-T100*SUPER 4Y;Osram;Natrium-Dampflampen;100;110;32000;n. a. ;10700.0;A+;01 GANZNACHT;9.5
42299-2110008-00;;52.52814370570459;13.41699485252053;1;1.0;A&G*CLASSICA*1800*NAV-T100* LUME*SKL2;A&G Classica;Ja;08.11.1995;NAV-T100*SUPER 4Y;Osram;Natrium-Dampflampen;100;110;32000;n. a. ;10700.0;A+;01 GANZNACHT;9.5
42299-2110009-00;249;52.5282732503989;13.416566923164991;1;1.0;A&G*CLASSICA*1800*NAV-T100* LUME*SKL2;A&G Classica;Ja;08.11.1995;NAV-T100*SUPER 4Y;Osram;Natrium-Dampflampen;100;110;32000;n. a. ;10700.0;A+;01 GANZNACHT;9.5
42299-2110010-00;;52.5283298809;13.4171493724;1;1.0;PHI*SGS453*IRIDIUM*NAV-T100/150W*SKII;Philipps Straßenleuchte SGS 453 Iridium;Ja;12.12.2007;NAV-T150*SUPER*4Y;Osram;Natrium-Dampflampen;150;168;32000;115;17500.0;A+;01 GANZNACHT;10.0
42299-2110011-00;248;52.5284920327;13.4168041108;1;1.0;SIE*5NA377-2-2TZ3*2NAV-E150* SKL2;Siteco Mastleuchte 5NA 377;Ja;23.12.2003;NAV-E150*SUPER;Osram;Natrium-Dampflampen;150;168;32000;112;17000.0;A+;01 GANZNACHT;10.0
42299-2110012-00;;52.5286004045;13.4174283703;1;1.0;SIE*SR100*NAV-T100/150*LU*SKL2;SITECO Mastleucht SR 100;Ja;14.10.2003;NAV-T150*SUPER*4Y;Osram;Natrium-Dampflampen;150;168;32000;115;17500.0;A+;01 GANZNACHT;10.0
42299-2110013-00;;52.5287127538;13.4170124552;1;1.0;PHI*SGS453*IRIDIUM*NAV-T100/150W*SKII;Philipps Straßenleuchte SGS 453 Iridium;Ja;12.12.2007;NAV-T150*SUPER*4Y;Osram;Natrium-Dampflampen;150;168;32000;115;17500.0;A+;01 GANZNACHT;10.0
42299-2110014-00;;52.5288698519;13.4176430139;1;1.0;PHI*SGS453*IRIDIUM*NAV-T100/150W*SKII;Philipps Straßenleuchte SGS 453 Iridium;Ja;12.12.2007;NAV-T150*SUPER*4Y;Osram;Natrium-Dampflampen;150;168;32000;115;17500.0;A+;01 GANZNACHT;10.0
42299-2110015-00;;52.5290010763;13.4173400251;1;1.0;A&G*CLASSICA*1800*NAV-T100* LUME*SKL2;A&G Classica;Ja;08.11.1995;NAV-T100*SUPER 4Y;Osram;Natrium-Dampflampen;100;110;32000;n. a. ;10700.0;A+;01 GANZNACHT;9.5
42299-2110016-00;4;52.5290916853;13.4179221908;1;1.0;PHI*SGS453*IRIDIUM*NAV-T100/150W*SKII;Philipps Straßenleuchte SGS 453 Iridium;Ja;12.12.2007;NAV-T150*SUPER*4Y;Osram;Natrium-Dampflampen;150;168;32000;115;17500.0;A+;01 GANZNACHT;10.0
42299-2110017-00;242;52.5292154545;13.4175650555;1;1.0;PHI*SGS453*IRIDIUM*NAV-T100/150W*SKII;Philipps Straßenleuchte SGS 453 Iridium;Ja;12.12.2007;NAV-T150*SUPER*4Y;Osram;Natrium-Dampflampen;150;168;32000;115;17500.0;A+;01 GANZNACHT;10.0
42299-2110018-00;5;52.5292754667;13.4181492706;1;1.0;PHI*SGS453*IRIDIUM*NAV-T100/150W*SKII;Philipps Straßenleuchte SGS 453 Iridium;Ja;12.12.2007;NAV-T150*SUPER*4Y;Osram;Natrium-Dampflampen;150;168;32000;115;17500.0;A+;01 GANZNACHT;10.0
42299-2110019-00;242;52.5294029951;13.4177628229;1;1.0;A&G*CLASSICA*1800*NAV-T100* LUME*SKL2;A&G Classica;Ja;24.07.1997;NAV-T100*SUPER 4Y;Osram;Natrium-Dampflampen;100;110;32000;n. a. ;10700.0;A+;14 GN-EIN-20UHR-GN-AUS-20UHR-RED-EIN;10.0
42299-2110020-00;6;52.5294774896;13.4183656858;1;1.0;PHI*SGS453*IRIDIUM*NAV-T100/150W*SKII;Philipps Straßenleuchte SGS 453 Iridium;Ja;12.12.2007;NAV-T150*SUPER*4Y;Osram;Natrium-Dampflampen;150;168;32000;115;17500.0;A+;01 GANZNACHT;10.0
42299-2110021-00;242;52.5296058974;13.417973044;1;1.0;A&G*CLASSICA*1800*NAV-T100* LUME*SKL2;A&G Classica;Ja;08.11.1995;NAV-T100*SUPER 4Y;Osram;Natrium-Dampflampen;100;110;32000;n. a. ;10700.0;A+;01 GANZNACHT;9.5
42299-2110022-00;8;52.5296882525;13.418554595;1;1.0;PHI*SGS453*IRIDIUM*NAV-T100/150W*SKII;Philipps Straßenleuchte SGS 453 Iridium;Ja;12.12.2007;NAV-T150*SUPER*4Y;Osram;Natrium-Dampflampen;150;168;32000;115;17500.0;A+;01 GANZNACHT;10.0
42299-2110023-00;4;52.52987409215963;13.41822167731088;1;1.0;A&G*CLASSICA*1800*NAV-T100* LUME*SKL2;A&G Classica;Ja;08.11.1995;NAV-T100*SUPER 4Y;Osram;Natrium-Dampflampen;100;110;32000;n. a. ;10700.0;A+;01 GANZNACHT;9.5
42299-2110024-00;9;52.5299535245;13.4187723356;1;1.0;PHI*SGS453*IRIDIUM*NAV-T100/150W*SKII;Philipps Straßenleuchte SGS 453 Iridium;Ja;12.12.2007;NAV-T150*SUPER*4Y;Osram;Natrium-Dampflampen;150;168;32000;115;17500.0;A+;01 GANZNACHT;10.0
42299-2110025-00;4;52.53006082866087;13.418371829309848;1;1.0;A&G*CLASSICA*1800*NAV-T100* LUME*SKL2;A&G Classica;Ja;08.11.1995;NAV-T100*SUPER 4Y;Osram;Natrium-Dampflampen;100;110;32000;n. a. ;10700.0;A+;01 GANZNACHT;9.5
42299-2110026-00;11;52.530236694085296;13.419036779424705;1;1.0;PHI*SGS453*IRIDIUM*NAV-T100/150W*SKII;Philipps Straßenleuchte SGS 453 Iridium;Ja;12.12.2007;NAV-T150*SUPER*4Y;Osram;Natrium-Dampflampen;150;168;32000;115;17500.0;A+;01 GANZNACHT;10.0
42299-2110027-00;241;52.5302429076;13.4185260318;1;1.0;A&G*CLASSICA*1800*NAV-T100* LUME*SKL2;A&G Classica;Ja;08.11.1995;NAV-T100*SUPER 4Y;Osram;Natrium-Dampflampen;100;110;32000;n. a. ;10700.0;A+;01 GANZNACHT;9.5
42299-2110028-00;13;52.5304677042;13.4192137962;1;1.0;PHI*SGS453*IRIDIUM*NAV-T100/150W*SKII;Philipps Straßenleuchte SGS 453 Iridium;Ja;12.12.2007;NAV-T150*SUPER*4Y;Osram;Natrium-Dampflampen;150;168;32000;115;17500.0;A+;01 GANZNACHT;10.0
42299-2110029-00;240;52.5304609948;13.4187101508;1;1.0;A&G*CLASSICA*1800*NAV-T100* LUME*SKL2;A&G Classica;Ja;08.11.1995;NAV-T100*SUPER 4Y;Osram;Natrium-Dampflampen;100;110;32000;n. a. ;10700.0;A+;01 GANZNACHT;10.0
42299-2110030-00;15;52.5306517946;13.4193675182;1;1.0;PHI*SGS453*IRIDIUM*NAV-T100/150W*SKII;Philipps Straßenleuchte SGS 453 Iridium;Ja;12.12.2007;NAV-T150*SUPER*4Y;Osram;Natrium-Dampflampen;150;168;32000;115;17500.0;A+;01 GANZNACHT;10.0
42299-2110031-00;;52.530652685;13.4188465203;1;1.0;PHI*SGS453*IRIDIUM*NAV-T100/150W*SKII;Philipps Straßenleuchte SGS 453 Iridium;Ja;12.12.2007;NAV-T150*SUPER*4Y;Osram;Natrium-Dampflampen;150;168;32000;115;17500.0;A+;01 GANZNACHT;10.0
42299-2110032-00;16;52.5308853214;13.4195578771;1;1.0;PHI*SGS453*IRIDIUM*NAV-T100/150W*SKII;Philipps Straßenleuchte SGS 453 Iridium;Ja;12.12.2007;NAV-T150*SUPER*4Y;Osram;Natrium-Dampflampen;150;168;32000;115;17500.0;A+;01 GANZNACHT;10.0
42299-2110033-00;22;52.5307759299;13.4189452261;1;1.0;PHI*SGS453*IRIDIUM*NAV-T100/150W*SKII;Philipps Straßenleuchte SGS 453 Iridium;Ja;12.12.2007;NAV-T150*SUPER*4Y;Osram;Natrium-Dampflampen;150;168;32000;115;17500.0;A+;01 GANZNACHT;10.0
42299-2110034-00;18;52.5311086402;13.4197129643;1;1.0;PHI*SGS453*IRIDIUM*NAV-T100/150W*SKII;Philipps Straßenleuchte SGS 453 Iridium;Ja;12.12.2007;NAV-T150*SUPER*4Y;Osram;Natrium-Dampflampen;150;168;32000;115;17500.0;A+;01 GANZNACHT;10.0
42299-2110035-00;238;52.5310411962;13.4191090562;1;1.0;PHI*SGS453*IRIDIUM*NAV-T100/150W*SKII;Philipps Straßenleuchte SGS 453 Iridium;Ja;12.12.2007;NAV-T150*SUPER*4Y;Osram;Natrium-Dampflampen;150;168;32000;115;17500.0;A+;01 GANZNACHT;10.0
42299-2110036-00;20;52.5313485887;13.4198553757;1;1.0;PHI*SGS453*IRIDIUM*NAV-T100/150W*SKII;Philipps Straßenleuchte SGS 453 Iridium;Ja;12.12.2007;NAV-T150*SUPER*4Y;Osram;Natrium-Dampflampen;150;168;32000;115;17500.0;A+;01 GANZNACHT;10.0
42299-2110037-00;237;52.5312751681;13.4192762927;1;1.0;PHI*SGS453*IRIDIUM*NAV-T100/150W*SKII;Philipps Straßenleuchte SGS 453 Iridium;Ja;12.12.2007;NAV-T150*SUPER*4Y;Osram;Natrium-Dampflampen;150;168;32000;115;17500.0;A+;01 GANZNACHT;10.0
42299-2110038-00;21;52.5315916054;13.420005201;1;1.0;PHI*SGS453*IRIDIUM*NAV-T100/150W*SKII;Philipps Straßenleuchte SGS 453 Iridium;Ja;12.12.2007;NAV-T150*SUPER*4Y;Osram;Natrium-Dampflampen;150;168;32000;115;17500.0;A+;01 GANZNACHT;10.0
42299-2110039-00;235;52.53155679869058;13.419480981529441;1;1.0;PHI*SGS453*IRIDIUM*NAV-T100/150W*SKII;Philipps Straßenleuchte SGS 453 Iridium;Ja;12.12.2007;NAV-T150*SUPER*4Y;Osram;Natrium-Dampflampen;150;168;32000;115;17500.0;A+;01 GANZNACHT;10.0
42299-2110040-00;22;52.5317813508;13.4201198237;1;1.0;PHI*SGS453*IRIDIUM*NAV-T100/150W*SKII;Philipps Straßenleuchte SGS 453 Iridium;Ja;12.12.2007;NAV-T150*SUPER*4Y;Osram;Natrium-Dampflampen;150;168;32000;115;17500.0;A+;01 GANZNACHT;10.0
42299-2110041-00;234;52.53172546363563;13.419575969750364;1;1.0;PHI*SGS453*IRIDIUM*NAV-T100/150W*SKII;Philipps Straßenleuchte SGS 453 Iridium;Ja;12.12.2007;NAV-T150*SUPER*4Y;Osram;Natrium-Dampflampen;150;168;32000;115;17500.0;A+;01 GANZNACHT;10.0
42299-2110042-00;22;52.5319779871;13.4202334129;1;1.0;PHI*SGS453*IRIDIUM*NAV-T100/150W*SKII;Philipps Straßenleuchte SGS 453 Iridium;Ja;12.12.2007;NAV-T150*SUPER*4Y;Osram;Natrium-Dampflampen;150;168;32000;115;17500.0;A+;01 GANZNACHT;10.0
42299-2110043-00;;52.5319548751;13.4197414541;1;1.0;PHI*SGS453*IRIDIUM*NAV-T100/150W*SKII;Philipps Straßenleuchte SGS 453 Iridium;Ja;12.12.2007;NAV-T150*SUPER*4Y;Osram;Natrium-Dampflampen;150;168;32000;115;17500.0;A+;01 GANZNACHT;10.0
42299-2110044-00;24;52.5322287895;13.4203854458;1;1.0;PHI*SGS453*IRIDIUM*NAV-T100/150W*SKII;Philipps Straßenleuchte SGS 453 Iridium;Ja;12.12.2007;NAV-T150*SUPER*4Y;Osram;Natrium-Dampflampen;150;168;32000;115;17500.0;A+;01 GANZNACHT;10.0
42299-2110045-00;231;52.53228092245809;13.419882810087165;1;1.0;PHI*SGS453*IRIDIUM*NAV-T100/150W*SKII;Philipps Straßenleuchte SGS 453 Iridium;Ja;12.12.2007;NAV-T150*SUPER*4Y;Osram;Natrium-Dampflampen;150;168;32000;115;17500.0;A+;01 GANZNACHT;10.0
42299-2110046-00;25;52.5324447271;13.4205135945;1;1.0;PHI*SGS453*IRIDIUM*NAV-T100/150W*SKII;Philipps Straßenleuchte SGS 453 Iridium;Ja;12.12.2007;NAV-T150*SUPER*4Y;Osram;Natrium-Dampflampen;150;168;32000;115;17500.0;A+;01 GANZNACHT;10.0
42299-2110047-00;230;52.5324743579789;13.420010841384538;1;1.0;PHI*SGS453*IRIDIUM*NAV-T100/150W*SKII;Philipps Straßenleuchte SGS 453 Iridium;Ja;12.12.2007;NAV-T150*SUPER*4Y;Osram;Natrium-Dampflampen;150;168;32000;115;17500.0;A+;01 GANZNACHT;10.0
42299-2110048-00;26;52.53269734187;13.420646140702846;1;1.0;PHI*SGS453*IRIDIUM*NAV-T100/150W*SKII;Philipps Straßenleuchte SGS 453 Iridium;Ja;12.12.2007;NAV-T150*SUPER*4Y;Osram;Natrium-Dampflampen;150;168;32000;115;17500.0;A+;01 GANZNACHT;10.0
42299-2110049-00;229;52.5327083596;13.4201293003;1;1.0;PHI*SGS453*IRIDIUM*NAV-T100/150W*SKII;Philipps Straßenleuchte SGS 453 Iridium;Ja;12.12.2007;NAV-T150*SUPER*4Y;Osram;Natrium-Dampflampen;150;168;32000;115;17500.0;A+;01 GANZNACHT;10.0
42299-2110050-00;27A;52.532874979503134;13.420733725552045;1;1.0;PHI*SGS453*IRIDIUM*NAV-T100/150W*SKII;Philipps Straßenleuchte SGS 453 Iridium;Ja;12.12.2007;NAV-T150*SUPER*4Y;Osram;Natrium-Dampflampen;150;168;32000;115;17500.0;A+;01 GANZNACHT;10.0
42299-2110051-00;228;52.5328873148;13.4202352827;1;1.0;PHI*SGS453*IRIDIUM*NAV-T100/150W*SKII;Philipps Straßenleuchte SGS 453 Iridium;Ja;12.12.2007;NAV-T150*SUPER*4Y;Osram;Natrium-Dampflampen;150;168;32000;115;17500.0;A+;01 GANZNACHT;10.0
42299-2110052-00;27A;52.53302337240104;13.420799343547113;1;1.0;PHI*SGS453*IRIDIUM*NAV-T100/150W*SKII;Philipps Straßenleuchte SGS 453 Iridium;Ja;12.12.2007;NAV-T150*SUPER*4Y;Osram;Natrium-Dampflampen;150;168;32000;115;17500.0;A+;01 GANZNACHT;10.0
42299-2110053-00;227;52.533115089;13.4203692568;1;1.0;PHI*SGS453*IRIDIUM*NAV-T100/150W*SKII;Philipps Straßenleuchte SGS 453 Iridium;Ja;12.12.2007;NAV-T150*SUPER*4Y;Osram;Natrium-Dampflampen;150;168;32000;115;17500.0;A+;01 GANZNACHT;10.0
42299-2110054-00;28;52.533253863;13.4209686317;1;1.0;PHI*SGS453*IRIDIUM*NAV-T100/150W*SKII;Philipps Straßenleuchte SGS 453 Iridium;Ja;12.12.2007;NAV-T150*SUPER*4Y;Osram;Natrium-Dampflampen;150;168;32000;115;17500.0;A+;01 GANZNACHT;10.0
42299-2110055-00;226;52.5333354052;13.4205037832;1;1.0;PHI*SGS453*IRIDIUM*NAV-T100/150W*SKII;Philipps Straßenleuchte SGS 453 Iridium;Ja;12.12.2007;NAV-T150*SUPER*4Y;Osram;Natrium-Dampflampen;150;168;32000;115;17500.0;A+;01 GANZNACHT;10.0
42299-2110056-00;38;52.5335060989;13.4211238791;1;1.0;PHI*SGS453*IRIDIUM*NAV-T100/150W*SKII;Philipps Straßenleuchte SGS 453 Iridium;Ja;12.12.2007;NAV-T150*SUPER*4Y;Osram;Natrium-Dampflampen;150;168;32000;115;17500.0;A+;01 GANZNACHT;10.0
42299-2110057-00;225;52.53358755118066;13.42064296124274;1;1.0;PHI*SGS453*IRIDIUM*NAV-T100/150W*SKII;Philipps Straßenleuchte SGS 453 Iridium;Ja;12.12.2007;NAV-T150*SUPER*4Y;Osram;Natrium-Dampflampen;150;168;32000;115;17500.0;A+;01 GANZNACHT;10.0
42299-2110058-00;29;52.533662113396225;13.421197922499262;1;1.0;PHI*SGS453*IRIDIUM*NAV-T100/150W*SKII;Philipps Straßenleuchte SGS 453 Iridium;Ja;12.12.2007;NAV-T150*SUPER*4Y;Osram;Natrium-Dampflampen;150;168;32000;115;17500.0;A+;01 GANZNACHT;10.0
42299-2110059-00;224;52.5338166907;13.4207822281;1;1.0;PHI*SGS453*IRIDIUM*NAV-T100/150W*SKII;Philipps Straßenleuchte SGS 453 Iridium;Ja;12.12.2007;NAV-T150*SUPER*4Y;Osram;Natrium-Dampflampen;150;168;32000;115;17500.0;A+;01 GANZNACHT;10.0
42299-2110060-00;30;52.53393876867452;13.421380837166266;1;1.0;PHI*SGS453*IRIDIUM*NAV-T100/150W*SKII;Philipps Straßenleuchte SGS 453 Iridium;Ja;12.12.2007;NAV-T150*SUPER*4Y;Osram;Natrium-Dampflampen;150;168;32000;115;17500.0;A+;01 GANZNACHT;10.0
42299-2110061-00;223;52.53404412350942;13.420931870300478;1;1.0;PHI*SGS453*IRIDIUM*NAV-T100/150W*SKII;Philipps Straßenleuchte SGS 453 Iridium;Ja;12.12.2007;NAV-T150*SUPER*4Y;Osram;Natrium-Dampflampen;150;168;32000;115;17500.0;A+;01 GANZNACHT;10.0
42299-2110062-00;32;52.5341747615;13.4215468199;1;1.0;PHI*SGS453*IRIDIUM*NAV-T100/150W*SKII;Philipps Straßenleuchte SGS 453 Iridium;Ja;12.12.2007;NAV-T150*SUPER*4Y;Osram;Natrium-Dampflampen;150;168;32000;115;17500.0;A+;01 GANZNACHT;10.0
42299-2110063-00;222;52.53430052107309;13.421092774413601;1;1.0;PHI*SGS453*IRIDIUM*NAV-T100/150W*SKII;Philipps Straßenleuchte SGS 453 Iridium;Ja;12.12.2007;NAV-T150*SUPER*4Y;Osram;Natrium-Dampflampen;150;168;32000;115;17500.0;A+;01 GANZNACHT;10.0
42299-2110064-00;34;52.5344476063;13.4216989123;1;1.0;PHI*SGS453*IRIDIUM*NAV-T100/150W*SKII;Philipps Straßenleuchte SGS 453 Iridium;Ja;12.12.2007;NAV-T150*SUPER*4Y;Osram;Natrium-Dampflampen;150;168;32000;115;17500.0;A+;01 GANZNACHT;10.0
42299-2110065-00;220;52.5345365811;13.4212173649;1;1.0;PHI*SGS453*IRIDIUM*NAV-T100/150W*SKII;Philipps Straßenleuchte SGS 453 Iridium;Ja;12.12.2007;NAV-T150*SUPER*4Y;Osram;Natrium-Dampflampen;150;168;32000;115;17500.0;A+;01 GANZNACHT;10.0
42299-2110066-00;35;52.5346655947;13.4218342412;1;1.0;PHI*SGS453*IRIDIUM*NAV-T100/150W*SKII;Philipps Straßenleuchte SGS 453 Iridium;Ja;12.12.2007;NAV-T150*SUPER*4Y;Osram;Natrium-Dampflampen;150;168;32000;115;17500.0;A+;01 GANZNACHT;10.0
42299-2110067-00;219;52.5347247422;13.4213208519;1;1.0;PHI*SGS453*IRIDIUM*NAV-T100/150W*SKII;Philipps Straßenleuchte SGS 453 Iridium;Ja;12.12.2007;NAV-T150*SUPER*4Y;Osram;Natrium-Dampflampen;150;168;32000;115;17500.0;A+;01 GANZNACHT;10.0
42299-2110068-00;37;52.53491035313545;13.421976829991184;1;1.0;PHI*SGS453*IRIDIUM*NAV-T100/150W*SKII;Philipps Straßenleuchte SGS 453 Iridium;Ja;12.12.2007;NAV-T150*SUPER*4Y;Osram;Natrium-Dampflampen;150;168;32000;115;17500.0;A+;01 GANZNACHT;10.0
42299-2110069-00;218;52.534939164908;13.421436105514516;1;1.0;PHI*SGS453*IRIDIUM*NAV-T100/150W*SKII;Philipps Straßenleuchte SGS 453 Iridium;Ja;12.12.2007;NAV-T150*SUPER*4Y;Osram;Natrium-Dampflampen;150;168;32000;115;17500.0;A+;01 GANZNACHT;10.0
42299-2110070-00;38;52.5351568284;13.4221301557;1;1.0;PHI*SGS453*IRIDIUM*NAV-T100/150W*SKII;Philipps Straßenleuchte SGS 453 Iridium;Ja;12.12.2007;NAV-T150*SUPER*4Y;Osram;Natrium-Dampflampen;150;168;32000;115;17500.0;A+;01 GANZNACHT;10.0
42299-2110071-00;216;52.5352134134;13.4216152699;1;1.0;PHI*SGS453*IRIDIUM*NAV-T100/150W*SKII;Philipps Straßenleuchte SGS 453 Iridium;Ja;12.12.2007;NAV-T150*SUPER*4Y;Osram;Natrium-Dampflampen;150;168;32000;115;17500.0;A+;01 GANZNACHT;10.0
42299-2110072-00;39;52.53541403106951;13.422225014772904;1;1.0;PHI*SGS453*IRIDIUM*NAV-T100/150W*SKII;Philipps Straßenleuchte SGS 453 Iridium;Ja;12.12.2007;NAV-T150*SUPER*4Y;Osram;Natrium-Dampflampen;150;168;32000;115;17500.0;A+;01 GANZNACHT;10.0
42299-2110073-00;215;52.5355016406;13.4218539791;1;1.0;PHI*SGS453*IRIDIUM*NAV-T100/150W*SKII;Philipps Straßenleuchte SGS 453 Iridium;Ja;12.12.2007;NAV-T150*SUPER*4Y;Osram;Natrium-Dampflampen;150;168;32000;115;17500.0;A+;01 GANZNACHT;10.0
42299-2110074-00;40;52.5356419448;13.4223449173;1;1.0;PHI*SGS453*IRIDIUM*NAV-T100/150W*SKII;Philipps Straßenleuchte SGS 453 Iridium;Ja;12.12.2007;NAV-T150*SUPER*4Y;Osram;Natrium-Dampflampen;150;168;32000;115;17500.0;A+;01 GANZNACHT;10.0
42299-2110075-00;214;52.5357920519;13.4219428022;1;1.0;PHI*SGS453*IRIDIUM*NAV-T100/150W*SKII;Philipps Straßenleuchte SGS 453 Iridium;Ja;12.12.2007;NAV-T150*SUPER*4Y;Osram;Natrium-Dampflampen;150;168;32000;115;17500.0;A+;01 GANZNACHT;10.0
42299-2110076-00;42;52.535904343378945;13.42253958572035;1;1.0;PHI*SGS453*IRIDIUM*NAV-T100/150W*SKII;Philipps Straßenleuchte SGS 453 Iridium;Ja;12.12.2007;NAV-T150*SUPER*4Y;Osram;Natrium-Dampflampen;150;168;32000;115;17500.0;A+;01 GANZNACHT;10.0
42299-2110077-00;212;52.5360809409;13.4221126602;1;1.0;PHI*SGS453*IRIDIUM*NAV-T100/150W*SKII;Philipps Straßenleuchte SGS 453 Iridium;Ja;12.12.2007;NAV-T150*SUPER*4Y;Osram;Natrium-Dampflampen;150;168;32000;115;17500.0;A+;01 GANZNACHT;10.0
42299-2110078-00;43;52.5360840187;13.4226657136;1;1.0;SIE*SL100*NAV-T150 *SKL2 (Geb);Siteco Mastleuchte SL 100;Nein;24.09.2004;NAV-T150* 4Y;Osram;Natrium-Dampflampen;150;168;32000;97;14500.0;A+;01 GANZNACHT;10.0
42299-2110079-00;211;52.53630197428111;13.422210824292664;1;1.0;PHI*SGS453*IRIDIUM*NAV-T100/150W*SKII;Philipps Straßenleuchte SGS 453 Iridium;Ja;12.12.2007;NAV-T150*SUPER*4Y;Osram;Natrium-Dampflampen;150;168;32000;115;17500.0;A+;01 GANZNACHT;10.0
42299-2110080-00;44;52.5363091158;13.4227967159;1;1.0;PHI*SGS453*IRIDIUM*NAV-T100/150W*SKII;Philipps Straßenleuchte SGS 453 Iridium;Ja;12.12.2007;NAV-T150*SUPER*4Y;Osram;Natrium-Dampflampen;150;168;32000;115;17500.0;A+;01 GANZNACHT;10.0
42299-2110081-00;209A;52.5365799332;13.4224057068;1;1.0;PHI*SGS453*IRIDIUM*NAV-T100/150W*SKII;Philipps Straßenleuchte SGS 453 Iridium;Ja;12.12.2007;NAV-T150*SUPER*4Y;Osram;Natrium-Dampflampen;150;168;32000;115;17500.0;A+;01 GANZNACHT;10.0
42299-2110082-00;45A;52.5365612987;13.4229383082;1;1.0;PHI*SGS453*IRIDIUM*NAV-T100/150W*SKII;Philipps Straßenleuchte SGS 453 Iridium;Ja;12.12.2007;NAV-T150*SUPER*4Y;Osram;Natrium-Dampflampen;150;168;32000;115;17500.0;A+;01 GANZNACHT;10.0
42299-2110083-00;208;52.5368670863;13.4225750778;1;1.0;PHI*SGS453*IRIDIUM*NAV-T100/150W*SKII;Philipps Straßenleuchte SGS 453 Iridium;Ja;12.12.2007;NAV-T150*SUPER*4Y;Osram;Natrium-Dampflampen;150;168;32000;115;17500.0;A+;01 GANZNACHT;10.0
42299-2110084-00;46;52.5367904356838;13.42306970729338;1;1.0;PHI*SGS453*IRIDIUM*NAV-T100/150W*SKII;Philipps Straßenleuchte SGS 453 Iridium;Ja;12.12.2007;NAV-T150*SUPER*4Y;Osram;Natrium-Dampflampen;150;168;32000;115;17500.0;A+;01 GANZNACHT;10.0
42299-2110085-00;207;52.537113466;13.4227333513;1;1.0;PHI*SGS453*IRIDIUM*NAV-T100/150W*SKII;Philipps Straßenleuchte SGS 453 Iridium;Ja;12.12.2007;NAV-T150*SUPER*4Y;Osram;Natrium-Dampflampen;150;168;32000;115;17500.0;A+;01 GANZNACHT;10.0
42299-2110086-00;47;52.53702207929006;13.423208641884402;1;1.0;PHI*SGS453*IRIDIUM*NAV-T100/150W*SKII;Philipps Straßenleuchte SGS 453 Iridium;Ja;12.12.2007;NAV-T150*SUPER*4Y;Osram;Natrium-Dampflampen;150;168;32000;115;17500.0;A+;01 GANZNACHT;10.0
42299-2110087-00;206;52.5373211405;13.4228553299;1;1.0;PHI*SGS453*IRIDIUM*NAV-T100/150W*SKII;Philipps Straßenleuchte SGS 453 Iridium;Ja;12.12.2007;NAV-T150*SUPER*4Y;Osram;Natrium-Dampflampen;150;168;32000;115;17500.0;A+;01 GANZNACHT;10.0
42299-2110088-00;48;52.5372334967671;13.423343987150403;1;1.0;PHI*SGS453*IRIDIUM*NAV-T100/150W*SKII;Philipps Straßenleuchte SGS 453 Iridium;Ja;12.12.2007;NAV-T150*SUPER*4Y;Osram;Natrium-Dampflampen;150;168;32000;115;17500.0;A+;01 GANZNACHT;10.0
42299-2110089-00;206;52.53752321560903;13.42297150981763;1;1.0;PHI*SGS453*IRIDIUM*NAV-T100/150W*SKII;Philipps Straßenleuchte SGS 453 Iridium;Ja;12.12.2007;NAV-T150*SUPER*4Y;Osram;Natrium-Dampflampen;150;168;32000;115;17500.0;A+;01 GANZNACHT;10.0
42299-2110090-00;49;52.537460646789604;13.423482945374563;1;1.0;PHI*SGS453*IRIDIUM*NAV-T100/150W*SKII;Philipps Straßenleuchte SGS 453 Iridium;Ja;12.12.2007;NAV-T150*SUPER*4Y;Osram;Natrium-Dampflampen;150;168;32000;115;17500.0;A+;01 GANZNACHT;10.0
42299-2110091-00;204;52.5377909176;13.4231391847;1;1.0;PHI*SGS453*IRIDIUM*NAV-T100/150W*SKII;Philipps Straßenleuchte SGS 453 Iridium;Ja;12.12.2007;NAV-T150*SUPER*4Y;Osram;Natrium-Dampflampen;150;168;32000;115;17500.0;A+;01 GANZNACHT;10.0
42299-2110092-00;50;52.5376922705;13.4236132184;1;1.0;PHI*SGS453*IRIDIUM*NAV-T100/150W*SKII;Philipps Straßenleuchte SGS 453 Iridium;Ja;12.12.2007;NAV-T150*SUPER*4Y;Osram;Natrium-Dampflampen;150;168;32000;115;17500.0;A+;01 GANZNACHT;10.0
42299-2110093-00;202;52.5380233119;13.4232705439;1;1.0;PHI*SGS453*IRIDIUM*NAV-T100/150W*SKII;Philipps Straßenleuchte SGS 453 Iridium;Ja;12.12.2007;NAV-T150*SUPER*4Y;Osram;Natrium-Dampflampen;150;168;32000;115;17500.0;A+;01 GANZNACHT;10.0
42299-2110094-00;51;52.537960763;13.4237705731;1;1.0;PHI*SGS453*IRIDIUM*NAV-T100/150W*SKII;Philipps Straßenleuchte SGS 453 Iridium;Ja;12.12.2007;NAV-T150*SUPER*4Y;Osram;Natrium-Dampflampen;150;168;32000;115;17500.0;A+;01 GANZNACHT;10.0
42299-2110095-00;200;52.5382610806;13.4234127269;1;1.0;PHI*SGS453*IRIDIUM*NAV-T100/150W*SKII;Philipps Straßenleuchte SGS 453 Iridium;Ja;12.12.2007;NAV-T150*SUPER*4Y;Osram;Natrium-Dampflampen;150;168;32000;115;17500.0;A+;01 GANZNACHT;10.0
42299-2110096-00;52;52.5382605293;13.4239440267;1;1.0;PHI*SGS453*IRIDIUM*NAV-T100/150W*SKII;Philipps Straßenleuchte SGS 453 Iridium;Ja;12.12.2007;NAV-T150*SUPER*4Y;Osram;Natrium-Dampflampen;150;168;32000;115;17500.0;A+;01 GANZNACHT;10.0
42299-2110097-00;198;52.53849255760855;13.423574965550266;1;1.0;PHI*SGS453*IRIDIUM*NAV-T100/150W*SKII;Philipps Straßenleuchte SGS 453 Iridium;Ja;12.12.2007;NAV-T150*SUPER*4Y;Osram;Natrium-Dampflampen;150;168;32000;115;17500.0;A+;01 GANZNACHT;10.0
42299-2110098-00;53;52.5384750437;13.4240621802;1;1.0;PHI*SGS453*IRIDIUM*NAV-T100/150W*SKII;Philipps Straßenleuchte SGS 453 Iridium;Ja;12.12.2007;NAV-T150*SUPER*4Y;Osram;Natrium-Dampflampen;150;168;32000;115;17500.0;A+;01 GANZNACHT;10.0
42299-2110099-00;196;52.53885697293928;13.423842255233359;1;1.0;PHI*SGS453*IRIDIUM*NAV-T100/150W*SKII;Philipps Straßenleuchte SGS 453 Iridium;Ja;12.12.2007;NAV-T150*SUPER*4Y;Osram;Natrium-Dampflampen;150;168;32000;115;17500.0;A+;01 GANZNACHT;10.0
42299-2110100-00;54;52.5387093664;13.4242024689;1;1.0;PHI*SGS453*IRIDIUM*NAV-T100/150W*SKII;Philipps Straßenleuchte SGS 453 Iridium;Ja;12.12.2007;NAV-T150*SUPER*4Y;Osram;Natrium-Dampflampen;150;168;32000;115;17500.0;A+;01 GANZNACHT;10.0
42299-2110101-00;72;52.53905692872881;13.423845015916099;1;1.0;SIL*458-5-025-43*NAV-TS250* MIT VG;Planflächenstrahler 458;Ja;23.12.1993;NAV-TS250;Osram;Natrium-Dampflampen;250;275;24000;112;28000.0;A+;01 GANZNACHT;16.0
;;;;2;1.0;SIL*458-5-025-43*NAV-TS250* MIT VG;Planflächenstrahler 458;Ja;23.12.1993;NAV-TS250;Osram;Natrium-Dampflampen;250;275;24000;112;28000.0;A+;01 GANZNACHT;
42299-2110102-00;54;52.53889608844084;13.424380026425878;1;1.0;SIL*458-5-025-43*NAV-TS250* MIT VG;Planflächenstrahler 458;Ja;23.12.1993;NAV-TS250;Osram;Natrium-Dampflampen;250;275;24000;112;28000.0;A+;01 GANZNACHT;16.0
;;;;2;1.0;SIL*458-5-025-43*NAV-TS250* MIT VG;Planflächenstrahler 458;Ja;23.12.1993;NAV-TS250;Osram;Natrium-Dampflampen;250;275;24000;112;28000.0;A+;01 GANZNACHT;
42299-2110103-00;195A;52.539475237086435;13.424097323948006;1;1.0;SIL*458-5-025-43*NAV-TS250* MIT VG;Planflächenstrahler 458;Ja;23.12.1993;NAV-TS250;Osram;Natrium-Dampflampen;250;275;24000;112;28000.0;A+;01 GANZNACHT;16.0
;;;;2;1.0;SIL*458-5-025-43*NAV-TS250* MIT VG;Planflächenstrahler 458;Ja;23.12.1993;NAV-TS250;Osram;Natrium-Dampflampen;250;275;24000;112;28000.0;A+;01 GANZNACHT;
42299-2110104-00;;52.53936823895881;13.424587875094787;1;1.0;SIL*458-5-025-43*NAV-TS250* MIT VG;Planflächenstrahler 458;Ja;23.12.1993;NAV-TS250;Osram;Natrium-Dampflampen;250;275;24000;112;28000.0;A+;01 GANZNACHT;16.0
;;;;2;1.0;SIL*458-5-025-43*NAV-TS250* MIT VG;Planflächenstrahler 458;Ja;23.12.1993;NAV-TS250;Osram;Natrium-Dampflampen;250;275;24000;112;28000.0;A+;01 GANZNACHT;
42299-2110105-00;195;52.5396655044;13.4242202993;1;1.0;PHI*SGS453*IRIDIUM*NAV-T100/150W*SKII;Philipps Straßenleuchte SGS 453 Iridium;Ja;12.12.2007;NAV-T150*SUPER*4Y;Osram;Natrium-Dampflampen;150;168;32000;115;17500.0;A+;01 GANZNACHT;10.0
42299-2110106-00;57;52.5396321458;13.4246765113;1;1.0;PHI*SGS453*IRIDIUM*NAV-T100/150W*SKII;Philipps Straßenleuchte SGS 453 Iridium;Ja;12.12.2007;NAV-T150*SUPER*4Y;Osram;Natrium-Dampflampen;150;168;32000;115;17500.0;A+;01 GANZNACHT;10.0
42299-2110107-00;193;52.53994753958906;13.424393604170195;1;1.0;PHI*SGS453*IRIDIUM*NAV-T100/150W*SKII;Philipps Straßenleuchte SGS 453 Iridium;Ja;12.12.2007;NAV-T150*SUPER*4Y;Osram;Natrium-Dampflampen;150;168;32000;115;17500.0;A+;01 GANZNACHT;10.0
42299-2110108-00;59;52.5398352529;13.4248720144;1;1.0;PHI*SGS453*IRIDIUM*NAV-T100/150W*SKII;Philipps Straßenleuchte SGS 453 Iridium;Ja;12.12.2007;NAV-T150*SUPER*4Y;Osram;Natrium-Dampflampen;150;168;32000;115;17500.0;A+;01 GANZNACHT;10.0
42299-2110109-00;191;52.540218916;13.4245618695;1;1.0;PHI*SGS453*IRIDIUM*NAV-T100/150W*SKII;Philipps Straßenleuchte SGS 453 Iridium;Ja;12.12.2007;NAV-T150*SUPER*4Y;Osram;Natrium-Dampflampen;150;168;32000;115;17500.0;A+;01 GANZNACHT;10.0
42299-2110110-00;61;52.54004233530839;13.424966982369194;1;1.0;PHI*SGS453*IRIDIUM*NAV-T100/150W*SKII;Philipps Straßenleuchte SGS 453 Iridium;Ja;12.12.2007;NAV-T150*SUPER*4Y;Osram;Natrium-Dampflampen;150;168;32000;115;17500.0;A+;01 GANZNACHT;10.0
42299-2110111-00;190;52.540424309349646;13.424675131257002;1;1.0;PHI*SGS453*IRIDIUM*NAV-T100/150W*SKII;Philipps Straßenleuchte SGS 453 Iridium;Ja;12.12.2007;NAV-T150*SUPER*4Y;Osram;Natrium-Dampflampen;150;168;32000;115;17500.0;A+;01 GANZNACHT;10.0
42299-2110112-00;62;52.5402717316;13.4251306056;1;1.0;PHI*SGS453*IRIDIUM*NAV-T100/150W*SKII;Philipps Straßenleuchte SGS 453 Iridium;Ja;12.12.2007;NAV-T150*SUPER*4Y;Osram;Natrium-Dampflampen;150;168;32000;115;17500.0;A+;01 GANZNACHT;10.0
42299-2110113-00;190;52.540642515307276;13.424839940745468;1;1.0;PHI*SGS453*IRIDIUM*NAV-T100/150W*SKII;Philipps Straßenleuchte SGS 453 Iridium;Ja;12.12.2007;NAV-T150*SUPER*4Y;Osram;Natrium-Dampflampen;150;168;32000;115;17500.0;A+;01 GANZNACHT;10.0
42299-2110114-00;;52.540525228;13.4252853945;1;1.0;PHI*SGS453*IRIDIUM*NAV-T100/150W*SKII;Philipps Straßenleuchte SGS 453 Iridium;Ja;12.12.2007;NAV-T150*SUPER*4Y;Osram;Natrium-Dampflampen;150;168;32000;115;17500.0;A+;01 GANZNACHT;10.0
42299-2110115-00;189;52.5408645192;13.4249558346;1;1.0;PHI*SGS453*IRIDIUM*NAV-T100/150W*SKII;Philipps Straßenleuchte SGS 453 Iridium;Ja;12.12.2007;NAV-T150*SUPER*4Y;Osram;Natrium-Dampflampen;150;168;32000;115;17500.0;A+;01 GANZNACHT;10.0
42299-2110116-00;;52.5408271298011;13.425387123755389;1;1.0;PHI*SGS453*IRIDIUM*NAV-T100/150W*SKII;Philipps Straßenleuchte SGS 453 Iridium;Ja;12.12.2007;NAV-T150*SUPER*4Y;Osram;Natrium-Dampflampen;150;168;32000;115;17500.0;A+;01 GANZNACHT;10.0
42299-2110117-00;188;52.5411145504;13.4251178184;1;1.0;PHI*SGS453*IRIDIUM*NAV-T100/150W*SKII;Philipps Straßenleuchte SGS 453 Iridium;Ja;12.12.2007;NAV-T150*SUPER*4Y;Osram;Natrium-Dampflampen;150;168;32000;115;17500.0;A+;01 GANZNACHT;10.0
42299-2110118-00;;52.5410775424;13.4255228135;1;1.0;PHI*SGS453*IRIDIUM*NAV-T100/150W*SKII;Philipps Straßenleuchte SGS 453 Iridium;Ja;31.12.2008;NAV-T150*SUPER*4Y;Osram;Natrium-Dampflampen;150;168;32000;115;17500.0;A+;01 GANZNACHT;10.0
42299-2110119-00;188;52.54136888542017;13.425252984052028;1;1.0;PHI*SGS453*IRIDIUM*NAV-T100/150W*SKII;Philipps Straßenleuchte SGS 453 Iridium;Ja;12.12.2007;NAV-T150*SUPER*4Y;Osram;Natrium-Dampflampen;150;168;32000;115;17500.0;A+;01 GANZNACHT;10.0
42299-2110120-00;;52.5413349402;13.4256786067;1;1.0;PHI*SGS453*IRIDIUM*NAV-T100/150W*SKII;Philipps Straßenleuchte SGS 453 Iridium;Ja;12.12.2007;NAV-T150*SUPER*4Y;Osram;Natrium-Dampflampen;150;168;32000;115;17500.0;A+;01 GANZNACHT;10.0
42299-2110121-00;187;52.54157356684199;13.42539206815707;1;1.0;PHI*SGS453*IRIDIUM*NAV-T100/150W*SKII;Philipps Straßenleuchte SGS 453 Iridium;Ja;12.12.2007;NAV-T150*SUPER*4Y;Osram;Natrium-Dampflampen;150;168;32000;115;17500.0;A+;01 GANZNACHT;10.0
42299-2110122-00;;52.5415865648;13.4258270436;1;1.0;PHI*SGS453*IRIDIUM*NAV-T100/150W*SKII;Philipps Straßenleuchte SGS 453 Iridium;Ja;12.12.2007;NAV-T150*SUPER*4Y;Osram;Natrium-Dampflampen;150;168;32000;115;17500.0;A+;01 GANZNACHT;10.0
42299-2110123-00;186;52.541840034;13.4255439044;1;1.0;PHI*SGS453*IRIDIUM*NAV-T100/150W*SKII;Philipps Straßenleuchte SGS 453 Iridium;Ja;12.12.2007;NAV-T150*SUPER*4Y;Osram;Natrium-Dampflampen;150;168;32000;115;17500.0;A+;01 GANZNACHT;10.0
42299-2110124-00;17;52.5418595208;13.4259845674;1;1.0;PHI*SGS453*IRIDIUM*NAV-T100/150W*SKII;Philipps Straßenleuchte SGS 453 Iridium;Ja;12.12.2007;NAV-T150*SUPER*4Y;Osram;Natrium-Dampflampen;150;168;32000;115;17500.0;A+;01 GANZNACHT;10.0
42299-2110125-00;185;52.5421181426;13.4257084345;1;1.0;PHI*SGS453*IRIDIUM*NAV-T100/150W*SKII;Philipps Straßenleuchte SGS 453 Iridium;Ja;12.12.2007;NAV-T150*SUPER*4Y;Osram;Natrium-Dampflampen;150;168;32000;115;17500.0;A+;01 GANZNACHT;10.0
42299-2110126-00;17;52.542115877;13.4261359342;1;1.0;PHI*SGS453*IRIDIUM*NAV-T100/150W*SKII;Philipps Straßenleuchte SGS 453 Iridium;Ja;12.12.2007;NAV-T150*SUPER*4Y;Osram;Natrium-Dampflampen;150;168;32000;115;17500.0;A+;01 GANZNACHT;10.0
42299-2110127-00;185;52.5423560327;13.4258498031;1;1.0;PHI*SGS453*IRIDIUM*NAV-T100/150W*SKII;Philipps Straßenleuchte SGS 453 Iridium;Ja;12.12.2007;NAV-T150*SUPER*4Y;Osram;Natrium-Dampflampen;150;168;32000;115;17500.0;A+;88 GANZNACHT DS vorm. 01;10.0
42299-2110128-00;77;52.5423713674;13.4262909325;1;1.0;PHI*SGS453*IRIDIUM*NAV-T100/150W*SKII;Philipps Straßenleuchte SGS 453 Iridium;Ja;12.12.2007;NAV-T150*SUPER*4Y;Osram;Natrium-Dampflampen;150;168;32000;115;17500.0;A+;01 GANZNACHT;10.0
42299-2110129-00;184;52.5426269688;13.4260033003;1;1.0;PHI*SGS453*IRIDIUM*NAV-T100/150W*SKII;Philipps Straßenleuchte SGS 453 Iridium;Ja;12.12.2007;NAV-T150*SUPER*4Y;Osram;Natrium-Dampflampen;150;168;32000;115;17500.0;A+;01 GANZNACHT;10.0
42299-2110130-00;77;52.5426460928;13.4264482918;1;1.0;PHI*SGS453*IRIDIUM*NAV-T100/150W*SKII;Philipps Straßenleuchte SGS 453 Iridium;Ja;14.12.2010;NAV-T150*SUPER*4Y;Osram;Natrium-Dampflampen;150;168;32000;115;17500.0;A+;88 GANZNACHT DS vorm. 01;10.0
42299-2110131-00;183;52.5428939545;13.4261590727;1;1.0;PHI*SGS453*IRIDIUM*NAV-T100/150W*SKII;Philipps Straßenleuchte SGS 453 Iridium;Ja;12.12.2007;NAV-T150*SUPER*4Y;Osram;Natrium-Dampflampen;150;168;32000;115;17500.0;A+;01 GANZNACHT;10.0
42299-2110132-00;;52.5429739269;13.4266789476;1;1.0;PHI*SGS453*IRIDIUM*NAV-T100/150W*SKII;Philipps Straßenleuchte SGS 453 Iridium;Ja;12.12.2007;NAV-T150*SUPER*4Y;Osram;Natrium-Dampflampen;150;168;32000;115;17500.0;A+;01 GANZNACHT;10.0
42299-2110133-00;182;52.543151268;13.4263134023;1;1.0;PHI*SGS453*IRIDIUM*NAV-T100/150W*SKII;Philipps Straßenleuchte SGS 453 Iridium;Ja;12.12.2007;NAV-T150*SUPER*4Y;Osram;Natrium-Dampflampen;150;168;32000;115;17500.0;A+;01 GANZNACHT;10.0
42299-2110134-00;;52.5431648936;13.4267493297;1;1.0;SIE*SR100*NAV-T100/150*LU*SKL2;SITECO Mastleucht SR 100;Ja;07.07.2005;NAV-T150*SUPER*4Y;Osram;Natrium-Dampflampen;150;168;32000;115;17500.0;A+;01 GANZNACHT;10.0
42299-2110135-00;182;52.5434183793;13.4264693547;1;1.0;PHI*SGS453*IRIDIUM*NAV-T100/150W*SKII;Philipps Straßenleuchte SGS 453 Iridium;Ja;12.12.2007;NAV-T150*SUPER*4Y;Osram;Natrium-Dampflampen;150;168;32000;115;17500.0;A+;01 GANZNACHT;10.0
42299-2110136-00;;52.5434170012;13.4268972167;1;1.0;PHI*SGS453*IRIDIUM*NAV-T100/150W*SKII;Philipps Straßenleuchte SGS 453 Iridium;Ja;12.12.2007;NAV-T150*SUPER*4Y;Osram;Natrium-Dampflampen;150;168;32000;115;17500.0;A+;01 GANZNACHT;10.0
42299-2110137-00;181;52.5436861941;13.4266321598;1;1.0;PHI*SGS453*IRIDIUM*NAV-T100/150W*SKII;Philipps Straßenleuchte SGS 453 Iridium;Ja;12.12.2007;NAV-T150*SUPER*4Y;Osram;Natrium-Dampflampen;150;168;32000;115;17500.0;A+;01 GANZNACHT;10.0
42299-2110138-00;;52.5436511353;13.4270344121;1;1.0;PHI*SGS453*IRIDIUM*NAV-T100/150W*SKII;Philipps Straßenleuchte SGS 453 Iridium;Ja;12.12.2007;NAV-T150*SUPER*4Y;Osram;Natrium-Dampflampen;150;168;32000;115;17500.0;A+;01 GANZNACHT;10.0
42299-2110139-00;180;52.54407203627914;13.42683619856653;1;1.0;SIL*455-5-015-42*NAV-T150*M.VG;PLANSTRAHLER® 400;Ja;06.04.1999;NAV-T150*SUPER*4Y;Osram;Natrium-Dampflampen;150;168;32000;115;17500.0;A+;01 GANZNACHT;10.0
;;;;2;1.0;SIL*455-5-025-32*NAV/HQI-T250* M.VG;PLANSTRAHLER® 400;Ja;06.04.1999;NAV-T250*SUPER 4Y;Osram;Natrium-Dampflampen;250;281;32000;130;33200.0;A+;01 GANZNACHT;
42299-2110139-01;180;52.544220450488154;13.42691659380999;1;1.0;PHI*SGS203T*IC-2* NAV-T50/70*SK2*;Philipps Straßenleuchte SGS 203;Ja;07.04.1999;NAV-T50*SUPER 4Y;Osram;Natrium-Dampflampen;50;58;28000;81;4200.0;A;01 GANZNACHT;3.5
42299-2110139-02;179;52.54433958376848;13.42695290212698;1;1.0;PHI*SGS203T*IC-2* NAV-T50/70*SK2*;Philipps Straßenleuchte SGS 203;Ja;07.04.1999;NAV-T50*SUPER 4Y;Osram;Natrium-Dampflampen;50;58;28000;81;4200.0;A;01 GANZNACHT;3.5
42299-2110139-03;179;52.5444587793513;13.427026061032628;1;1.0;PHI*SGS203T*IC-2* NAV-T50/70*SK2*;Philipps Straßenleuchte SGS 203;Ja;07.04.1999;NAV-T50*SUPER 4Y;Osram;Natrium-Dampflampen;50;58;28000;81;4200.0;A;01 GANZNACHT;3.5
42299-2110140-00;;52.54398055413116;13.427208802915814;1;1.0;SIL*455-5-015-42*NAV-T150*M.VG;PLANSTRAHLER® 400;Ja;06.04.1999;NAV-T150*SUPER*4Y;Osram;Natrium-Dampflampen;150;168;32000;115;17500.0;A+;01 GANZNACHT;10.0
;;;;2;1.0;SIL*455-5-025-32*NAV/HQI-T250* M.VG;PLANSTRAHLER® 400;Ja;06.04.1999;NAV-T250*SUPER 4Y;Osram;Natrium-Dampflampen;250;281;32000;130;33200.0;A+;01 GANZNACHT;
42299-2110140-01;;52.544003175944496;13.42730082583578;1;1.0;PHI*SGS203T*IC-2* NAV-T50/70*SK2*;Philipps Straßenleuchte SGS 203;Ja;07.04.1999;NAV-T50*SUPER 4Y;Osram;Natrium-Dampflampen;50;58;28000;81;4200.0;A;01 GANZNACHT;3.5
42299-2110140-02;;52.544126883222745;13.4273850197566;1;1.0;PHI*SGS203T*IC-2* NAV-T50/70*SK2*;Philipps Straßenleuchte SGS 203;Ja;07.04.1999;NAV-T50*SUPER 4Y;Osram;Natrium-Dampflampen;50;58;28000;81;4200.0;A;01 GANZNACHT;3.5
42299-2110140-03;86C;52.54431355179462;13.427502093857898;1;1.0;PHI*SGS203T*IC-2* NAV-T50/70*SK2*;Philipps Straßenleuchte SGS 203;Ja;07.04.1999;NAV-T50*SUPER 4Y;Osram;Natrium-Dampflampen;50;58;28000;81;4200.0;A;01 GANZNACHT;3.5
42299-2110142-00;86C;52.5444601277;13.4274734412;1;1.0;SIL*455-5-015-42*NAV-T150*M.VG;PLANSTRAHLER® 400;Ja;30.09.2011;NAV-T150*SUPER*4Y;Osram;Natrium-Dampflampen;150;168;32000;115;17500.0;A+;01 GANZNACHT;10.0
;;;;2;1.0;SIL*455-5-025-32*NAV/HQI-T250* M.VG;PLANSTRAHLER® 400;Ja;30.09.2011;NAV-T250;Osram;Natrium-Dampflampen;250;275;24000;112;28000.0;A+;01 GANZNACHT;
42299-2110143-00;179;52.54456670440509;13.427077161127347;1;1.0;SIL*455-5-015-42*NAV-T150*M.VG;PLANSTRAHLER® 400;Ja;06.04.1999;NAV-T150*SUPER*4Y;Osram;Natrium-Dampflampen;150;168;32000;115;17500.0;A+;01 GANZNACHT;10.0
;;;;2;1.0;SIL*455-5-025-32*NAV/HQI-T250* M.VG;PLANSTRAHLER® 400;Ja;06.04.1999;NAV-T250*SUPER 4Y;Osram;Natrium-Dampflampen;250;281;32000;130;33200.0;A+;01 GANZNACHT;
42299-2110144-00;86A;52.5446577506;13.4276490892;1;1.0;SIE*SR100*NAV-T100/150W*LU*SKL2;SITECO Mastleucht SR 100;Ja;02.10.2003;NAV-T250*SUPER 4Y;Osram;Natrium-Dampflampen;250;281;32000;130;33200.0;A+;01 GANZNACHT;10.0
42299-2110145-00;178;52.544724167189074;13.427194367843047;1;1.0;SIE*SR100*NAV-T100/150W*LU*SKL2;SITECO Mastleucht SR 100;Ja;02.10.2003;NAV-T250*SUPER 4Y;Osram;Natrium-Dampflampen;250;281;32000;130;33200.0;A+;01 GANZNACHT;10.0
42299-2110146-00;88;52.5449329481;13.4277624038;1;1.0;SIE*SR100*NAV-T100/150W*LU*SKL2;SITECO Mastleucht SR 100;Ja;02.10.2003;NAV-T250*SUPER 4Y;Osram;Natrium-Dampflampen;250;281;32000;130;33200.0;A+;01 GANZNACHT;10.0
42299-2110147-00;177A;52.54499384890306;13.427244733579553;1;1.0;SIE*SR100*NAV-T100/150W*LU*SKL2;SITECO Mastleucht SR 100;Ja;02.10.2003;NAV-T250*SUPER 4Y;Osram;Natrium-Dampflampen;250;281;32000;130;33200.0;A+;01 GANZNACHT;10.0
42299-2110148-00;89;52.5451540245;13.4278306526;1;1.0;SIE*SR100*NAV-T100/150W*LU*SKL2;SITECO Mastleucht SR 100;Ja;02.10.2003;NAV-T250*SUPER 4Y;Osram;Natrium-Dampflampen;250;281;32000;130;33200.0;A+;01 GANZNACHT;10.0
42299-2110149-00;177A;52.545181023564595;13.42731843013083;1;1.0;SIE*SR100*NAV-T100/150W*LU*SKL2;SITECO Mastleucht SR 100;Ja;02.10.2003;NAV-T250*SUPER 4Y;Osram;Natrium-Dampflampen;250;281;32000;130;33200.0;A+;01 GANZNACHT;10.0
42299-2110150-00;1A;52.5453976513;13.4279168424;1;1.0;SIE*SR100*NAV-T100/150W*LU*SKL2;SITECO Mastleucht SR 100;Ja;02.10.2003;NAV-T250*SUPER 4Y;Osram;Natrium-Dampflampen;250;281;32000;130;33200.0;A+;01 GANZNACHT;10.0
42299-2110151-00;177;52.5454147903682;13.42738738599271;1;1.0;SIE*SR100*NAV-T100/150W*LU*SKL2;SITECO Mastleucht SR 100;Ja;02.10.2003;NAV-T250*SUPER 4Y;Osram;Natrium-Dampflampen;250;281;32000;130;33200.0;A+;01 GANZNACHT;10.0
42299-2110152-00;;52.545583011;13.4279773682;1;1.0;SIL*455-5-015-42*NAV-T150*M.VG;PLANSTRAHLER® 400;Ja;02.10.2003;NAV-T150*SUPER*4Y;Osram;Natrium-Dampflampen;150;168;32000;115;17500.0;A+;01 GANZNACHT;12.5
42299-2110153-00;176;52.54557894917289;13.427478769548081;1;1.0;SIE*SR100*NAV-T100/150W*LU*SKL2;SITECO Mastleucht SR 100;Ja;02.10.2003;NAV-T250*SUPER 4Y;Osram;Natrium-Dampflampen;250;281;32000;130;33200.0;A+;01 GANZNACHT;10.0
42299-2110154-00;;52.5457710112;13.4280370276;1;1.0;SIE*SR100*NAV-T100/150W*LU*SKL2;SITECO Mastleucht SR 100;Ja;02.10.2003;NAV-T250*SUPER 4Y;Osram;Natrium-Dampflampen;250;281;32000;130;33200.0;A+;01 GANZNACHT;10.0
42299-2110155-00;74;52.54578350358021;13.427544174255111;1;1.0;SIL*455-5-015-42*NAV-T150*M.VG;PLANSTRAHLER® 400;Ja;02.10.2003;NAV-T150*SUPER*4Y;Osram;Natrium-Dampflampen;150;168;32000;115;17500.0;A+;01 GANZNACHT;12.5
42299-2110156-00;;52.5460202143;13.4281635254;1;1.0;SIE*SR100*NAV-T100/150W*LU*SKL2;SITECO Mastleucht SR 100;Ja;02.10.2003;NAV-T150* 4Y;Osram;Natrium-Dampflampen;150;168;32000;97;14500.0;A+;01 GANZNACHT;10.0
42299-2110157-00;175A;52.545958252602276;13.427597814593943;1;1.0;SIE*SR100*NAV-T250*LU*SKL2;SITECO Mastleucht SR 100;Ja;16.01.2014;NAV-T250*SUPER 4Y;Osram;Natrium-Dampflampen;250;281;32000;130;33200.0;A+;01 GANZNACHT;10.0
42299-2110158-00;;52.5462657725;13.4282547956;1;1.0;SIE*SR100*NAV-T100/150W*LU*SKL2;SITECO Mastleucht SR 100;Ja;02.10.2003;NAV-T250*SUPER 4Y;Osram;Natrium-Dampflampen;250;281;32000;130;33200.0;A+;01 GANZNACHT;10.0
42299-2110159-00;175;52.5462077952475;13.427696183315645;1;1.0;SIE*SR100*NAV-T100/150W*LU*SKL2;SITECO Mastleucht SR 100;Ja;02.10.2003;NAV-T250*SUPER 4Y;Osram;Natrium-Dampflampen;250;281;32000;130;33200.0;A+;01 GANZNACHT;10.0
42299-2110160-00;;52.5465433098;13.4283544131;1;1.0;SIE*SR100*NAV-T100/150W*LU*SKL2;SITECO Mastleucht SR 100;Ja;02.10.2003;NAV-T250*SUPER 4Y;Osram;Natrium-Dampflampen;250;281;32000;130;33200.0;A+;01 GANZNACHT;10.0
42299-2110161-00;174;52.54647531076819;13.427794471693936;1;1.0;SIE*SR100*NAV-T100/150W*LU*SKL2;SITECO Mastleucht SR 100;Ja;02.10.2003;NAV-T250*SUPER 4Y;Osram;Natrium-Dampflampen;250;281;32000;130;33200.0;A+;01 GANZNACHT;10.0
42299-2110162-00;;52.5468061019;13.4284711687;1;1.0;SIE*SR100*NAV-T100/150W*LU*SKL2;SITECO Mastleucht SR 100;Ja;02.10.2003;NAV-T250*SUPER 4Y;Osram;Natrium-Dampflampen;250;281;32000;130;33200.0;A+;01 GANZNACHT;10.0
42299-2110163-00;2;52.54677655652702;13.42791103477541;1;1.0;SIE*SR100*NAV-T100/150W*LU*SKL2;SITECO Mastleucht SR 100;Ja;02.10.2003;NAV-T150*SUPER*4Y;Osram;Natrium-Dampflampen;150;168;32000;115;17500.0;A+;01 GANZNACHT;10.0
42299-2110164-00;96;52.547077885;13.4285906563;1;1.0;SIE*SR100*NAV-T100/150W*LU*SKL2;SITECO Mastleucht SR 100;Ja;02.10.2003;NAV-T250*SUPER 4Y;Osram;Natrium-Dampflampen;250;281;32000;130;33200.0;A+;01 GANZNACHT;10.0
42299-2110165-00;172;52.54701487817872;13.42801682845351;1;1.0;SIE*SR100*NAV-T100/150W*LU*SKL2;SITECO Mastleucht SR 100;Ja;02.10.2003;NAV-T250*SUPER 4Y;Osram;Natrium-Dampflampen;250;281;32000;130;33200.0;A+;01 GANZNACHT;10.0
42299-2110166-00;;52.5473494354;13.4287161904;1;1.0;SIE*SR100*NAV-T100/150W*LU*SKL2;SITECO Mastleucht SR 100;Ja;02.10.2003;NAV-T250*SUPER 4Y;Osram;Natrium-Dampflampen;250;281;32000;130;33200.0;A+;01 GANZNACHT;10.0
42299-2110167-00;171;52.54726668564789;13.428126247556072;1;1.0;SIE*SR100*NAV-T100/150W*LU*SKL2;SITECO Mastleucht SR 100;Ja;02.10.2003;NAV-T250*SUPER 4Y;Osram;Natrium-Dampflampen;250;281;32000;130;33200.0;A+;01 GANZNACHT;10.0
42299-2110168-00;;52.5476281073;13.4288227808;1;1.0;A&G*CLASSICA*1800*NAV-T150* LUME*SKL2;A&G Classica;Ja;02.10.2003;NAV-T150*SUPER*4Y;Osram;Natrium-Dampflampen;150;168;32000;115;17500.0;A+;01 GANZNACHT;10.0
42299-2110169-00;170;52.54750049526711;13.428221008008638;1;1.0;SIE*SR100*NAV-T100/150W*LU*SKL2;SITECO Mastleucht SR 100;Ja;02.10.2003;NAV-T250*SUPER 4Y;Osram;Natrium-Dampflampen;250;281;32000;130;33200.0;A+;01 GANZNACHT;10.0
42299-2110170-00;;52.5478662417;13.4289138556;1;1.0;SIE*SR100*NAV-T100/150W*LU*SKL2;SITECO Mastleucht SR 100;Ja;02.10.2003;NAV-T250*SUPER 4Y;Osram;Natrium-Dampflampen;250;281;32000;130;33200.0;A+;01 GANZNACHT;10.0
42299-2110171-00;169;52.54774115608533;13.428382074656744;1;1.0;SIE*SR100*NAV-T100/150W*LU*SKL2;SITECO Mastleucht SR 100;Ja;02.10.2003;NAV-T250*SUPER 4Y;Osram;Natrium-Dampflampen;250;281;32000;130;33200.0;A+;01 GANZNACHT;10.0
42299-2110172-00;104;52.5481189056;13.4290683871;1;1.0;SIE*SR100*NAV-T100/150W*LU*SKL2;SITECO Mastleucht SR 100;Ja;02.10.2003;NAV-T250*SUPER 4Y;Osram;Natrium-Dampflampen;250;281;32000;130;33200.0;A+;01 GANZNACHT;10.0
42299-2110173-00;150;52.54798168059895;13.428462065702849;1;1.0;SIE*SR100*NAV-T100/150W*LU*SKL2;SITECO Mastleucht SR 100;Ja;02.10.2003;NAV-T250*SUPER 4Y;Osram;Natrium-Dampflampen;250;281;32000;130;33200.0;A+;01 GANZNACHT;10.0
42299-2110174-00;105;52.5484255089;13.4292081571;1;1.0;SIE*SR100*NAV-T100/150W*LU*SKL2;SITECO Mastleucht SR 100;Ja;02.10.2003;NAV-T250*SUPER 4Y;Osram;Natrium-Dampflampen;250;281;32000;130;33200.0;A+;01 GANZNACHT;10.0
42299-2110175-00;149;52.54826721165605;13.42858607903361;1;1.0;SIE*SR100*NAV-T100/150W*LU*SKL2;SITECO Mastleucht SR 100;Ja;02.10.2003;NAV-T250*SUPER 4Y;Osram;Natrium-Dampflampen;250;281;32000;130;33200.0;A+;01 GANZNACHT;10.0
42299-2110176-00;107;52.5487124055;13.4293378164;1;1.0;SIE*SR100*NAV-T100/150W*LU*SKL2;SITECO Mastleucht SR 100;Ja;02.10.2003;NAV-T250*SUPER 4Y;Osram;Natrium-Dampflampen;250;281;32000;130;33200.0;A+;01 GANZNACHT;10.0
42299-2110177-00;147;52.54855726670457;13.428728500611268;1;1.0;SIE*SR100*NAV-T100/150W*LU*SKL2;SITECO Mastleucht SR 100;Ja;02.10.2003;NAV-T250*SUPER 4Y;Osram;Natrium-Dampflampen;250;281;32000;130;33200.0;A+;01 GANZNACHT;10.0
42299-2110178-00;109;52.5489656483;13.4294518845;1;1.0;SIE*SR100*NAV-T100/150W*LU*SKL2;SITECO Mastleucht SR 100;Ja;02.10.2003;NAV-T250*SUPER 4Y;Osram;Natrium-Dampflampen;250;281;32000;130;33200.0;A+;01 GANZNACHT;10.0
42299-2110179-00;145A;52.548858542321575;13.428863502606433;1;1.0;SIE*SR100*NAV-T100/150W*LU*SKL2;SITECO Mastleucht SR 100;Ja;02.10.2003;NAV-T250*SUPER 4Y;Osram;Natrium-Dampflampen;250;281;32000;130;33200.0;A+;01 GANZNACHT;10.0
42299-2110180-00;122;52.5491670555;13.4295437791;1;1.0;SIE*SR100*NAV-T100/150W*LU*SKL2;SITECO Mastleucht SR 100;Ja;02.10.2003;NAV-T250*SUPER 4Y;Osram;Natrium-Dampflampen;250;281;32000;130;33200.0;A+;01 GANZNACHT;10.0
42299-2110181-00;145;52.549110342768;13.428969245682952;1;1.0;SIE*SR100*NAV-T100/150W*LU*SKL2;SITECO Mastleucht SR 100;Ja;02.10.2003;NAV-T250*SUPER 4Y;Osram;Natrium-Dampflampen;250;281;32000;130;33200.0;A+;01 GANZNACHT;10.0
42299-2110182-00;124;52.5494592761;13.4296760282;1;1.0;SIE*SR100*NAV-T100/150W*LU*SKL2;SITECO Mastleucht SR 100;Ja;02.10.2003;NAV-T250*SUPER 4Y;Osram;Natrium-Dampflampen;250;281;32000;130;33200.0;A+;01 GANZNACHT;10.0
42299-2110183-00;144;52.54938014073925;13.42908965083235;1;1.0;SIE*SR100*NAV-T100/150W*LU*SKL2;SITECO Mastleucht SR 100;Ja;02.10.2003;NAV-T250*SUPER 4Y;Osram;Natrium-Dampflampen;250;281;32000;130;33200.0;A+;01 GANZNACHT;10.0
42299-2110184-00;126;52.5497474098;13.4298041549;1;1.0;SIE*SR100*NAV-T100/150W*LU*SKL2;SITECO Mastleucht SR 100;Ja;02.10.2003;NAV-T250*SUPER 4Y;Osram;Natrium-Dampflampen;250;281;32000;130;33200.0;A+;01 GANZNACHT;10.0
42299-2110185-00;143;52.54964544533752;13.42921007767576;1;1.0;SIE*SR100*NAV-T100/150W*LU*SKL2;SITECO Mastleucht SR 100;Ja;02.10.2003;NAV-T250*SUPER 4Y;Osram;Natrium-Dampflampen;250;281;32000;130;33200.0;A+;01 GANZNACHT;10.0
42299-2110186-00;;52.5500355811;13.4299388139;1;1.0;SIE*SR100*NAV-T100/150W*LU*SKL2;SITECO Mastleucht SR 100;Ja;02.10.2003;NAV-T250*SUPER 4Y;Osram;Natrium-Dampflampen;250;281;32000;130;33200.0;A+;01 GANZNACHT;10.0
42299-2110187-00;141;52.54991750814067;13.429341532143658;1;1.0;SIE*SR100*NAV-T100/150W*LU*SKL2;SITECO Mastleucht SR 100;Ja;02.10.2003;NAV-T250*SUPER 4Y;Osram;Natrium-Dampflampen;250;281;32000;130;33200.0;A+;01 GANZNACHT;10.0
42299-2110188-00;;52.5502702704;13.4300447016;1;1.0;SIE*SR100*NAV-T100/150W*LU*SKL2;SITECO Mastleucht SR 100;Ja;02.10.2003;NAV-T250*SUPER 4Y;Osram;Natrium-Dampflampen;250;281;32000;130;33200.0;A+;01 GANZNACHT;10.0
42299-2110189-00;139;52.55020979651889;13.429476582876024;1;1.0;SIE*SR100*NAV-T100/150W*LU*SKL2;SITECO Mastleucht SR 100;Ja;02.10.2003;NAV-T250*SUPER 4Y;Osram;Natrium-Dampflampen;250;281;32000;130;33200.0;A+;01 GANZNACHT;10.0
42299-2110190-00;;52.5505281097;13.4301618383;1;1.0;SIE*SR100*NAV-T100/150W*LU*SKL2;SITECO Mastleucht SR 100;Ja;02.10.2003;NAV-T250*SUPER 4Y;Osram;Natrium-Dampflampen;250;281;32000;130;33200.0;A+;01 GANZNACHT;10.0
42299-2110191-00;138;52.55049983195974;13.42960795994275;1;1.0;SIE*SR100*NAV-T100/150W*LU*SKL2;SITECO Mastleucht SR 100;Ja;02.10.2003;NAV-T250*SUPER 4Y;Osram;Natrium-Dampflampen;250;281;32000;130;33200.0;A+;01 GANZNACHT;10.0
42299-2110192-00;1;52.5508021428;13.4302845207;1;1.0;SIE*SR100*NAV-T100/150W*LU*SKL2;SITECO Mastleucht SR 100;Ja;02.10.2003;NAV-T250*SUPER 4Y;Osram;Natrium-Dampflampen;250;281;32000;130;33200.0;A+;01 GANZNACHT;10.0
42299-2110193-00;138;52.55070444037448;13.42970655186991;1;1.0;SIE*SR100*NAV-T100/150W*LU*SKL2;SITECO Mastleucht SR 100;Ja;02.10.2003;NAV-T250*SUPER 4Y;Osram;Natrium-Dampflampen;250;281;32000;130;33200.0;A+;01 GANZNACHT;10.0
42299-2110195-00;136;52.55092262057997;13.429860367943022;1;1.0;SIE*SR100*NAV-T100/150W*LU*SKL2;SITECO Mastleucht SR 100;Ja;02.10.2003;NAV-T250*SUPER 4Y;Osram;Natrium-Dampflampen;250;281;32000;130;33200.0;A+;01 GANZNACHT;10.0
luxData - Neumann01;;;;;;;;;;;;;;;;;;;;
